train/000-cropped.jpg,477,231,532,282,license-plate,black,hatchback
train/000.jpg,75,69,630,416,car,black,hatchback
train/001-cropped.jpg,119,194,175,212,license-plate,black,station-wagon
train/001.jpg,139,15,407,248,car,black,station-wagon
train/002-cropped.jpg,351,137,392,162,license-plate,black,coupe
train/002.jpg,29,71,443,270,car,black,coupe
train/003-cropped.jpg,549,246,599,299,license-plate,red,ute
train/003.jpg,11,29,629,430,car,red,ute
train/004-cropped.jpg,333,220,377,266,license-plate,black,convertible
train/004.jpg,75,44,476,357,car,black,convertible
train/005-cropped.jpg,386,220,434,264,license-plate,grey,ute
train/005.jpg,69,69,556,377,car,grey,ute
train/006-cropped.jpg,391,159,426,187,license-plate,black,ute
train/006.jpg,75,98,518,360,car,black,ute
train/007-cropped.jpg,157,305,256,336,license-plate,silver,station-wagon
train/007.jpg,63,23,457,381,car,silver,station-wagon
train/008-cropped.jpg,60,118,104,150,license-plate,white,station-wagon
train/008.jpg,10,124,444,345,car,white,station-wagon
train/009-cropped.jpg,439,195,481,241,license-plate,black,suv
train/009.jpg,73,87,577,413,car,black,suv
train/010-cropped.jpg,41,180,92,205,license-plate,blue,4x4
train/010.jpg,1,95,350,342,car,blue,4x4
train/011-cropped.jpg,364,158,421,205,license-plate,white,station-wagon
train/011.jpg,17,18,489,366,car,white,station-wagon
train/012-cropped.jpg,111,166,189,203,license-plate,white,station-wagon
train/012.jpg,43,7,506,323,car,white,station-wagon
train/013-cropped.jpg,279,249,358,281,license-plate,cream,sedan
train/013.jpg,17,32,482,331,car,cream,sedan
train/014-cropped.jpg,149,249,230,275,license-plate,gold,sedan
train/014.jpg,114,77,439,371,car,gold,sedan
train/015-cropped.jpg,314,159,354,180,license-plate,silver,sedan
train/015.jpg,0,19,402,245,car,silver,sedan
train/016-cropped.jpg,16,192,54,227,license-plate,silver,sedan
train/016.jpg,14,97,492,378,car,silver,sedan
train/017-cropped.jpg,176,191,248,217,license-plate,red,sedan
train/017.jpg,69,56,429,337,car,red,sedan
train/018-cropped.jpg,140,153,232,179,license-plate,silver,sedan
train/018.jpg,93,55,486,349,car,silver,sedan
train/019-cropped.jpg,153,322,298,367,license-plate,white,hatchback
train/019.jpg,0,0,478,381,car,white,hatchback
train/020-cropped.jpg,303,260,375,300,license-plate,black,hatchback
train/020.jpg,0,0,426,338,car,black,hatchback
train/021-cropped.jpg,111,253,177,274,license-plate,white,van
train/021.jpg,123,53,417,333,car,white,van
train/022-cropped.jpg,141,221,238,257,license-plate,black,station-wagon
train/022.jpg,25,0,452,348,car,black,station-wagon
train/023-cropped.jpg,304,212,353,247,license-plate,black,people-mover
train/023.jpg,54,19,440,317,car,black,people-mover
train/024-cropped.jpg,114,168,204,200,license-plate,grey,hatchback
train/024.jpg,107,94,437,338,car,grey,hatchback
train/025-cropped.jpg,312,156,352,187,license-plate,green,ute
train/025.jpg,70,50,482,284,car,green,ute
train/026-cropped.jpg,303,167,362,200,license-plate,blue,hatchback
train/026.jpg,56,88,478,324,car,blue,hatchback
train/027-cropped.jpg,433,320,476,359,license-plate,white,van
train/027.jpg,70,3,578,424,car,white,van
train/028-cropped.jpg,90,129,141,149,license-plate,red,sedan
train/028.jpg,27,108,487,298,car,red,sedan
train/029-cropped.jpg,101,256,152,283,license-plate,silver,ute
train/029.jpg,93,54,440,349,car,silver,ute
train/030-cropped.jpg,31,99,58,122,license-plate,red,coupe
train/030.jpg,62,172,459,328,car,red,coupe
train/031-cropped.jpg,105,190,171,208,license-plate,white,ute
train/031.jpg,120,79,404,325,car,white,ute
train/032-cropped.jpg,434,204,490,242,license-plate,cream,coupe
train/032.jpg,60,119,595,438,car,cream,coupe
train/033-cropped.jpg,15,200,60,232,license-plate,black,suv
train/033.jpg,0,24,508,340,car,black,suv
train/034-cropped.jpg,379,174,426,203,license-plate,white,hatchback
train/034.jpg,18,52,486,306,car,white,hatchback
train/035-cropped.jpg,545,194,583,218,license-plate,silver,ute
train/035.jpg,20,108,624,419,car,silver,ute
train/036-cropped.jpg,372,188,436,229,license-plate,black,convertible
train/036.jpg,13,69,489,363,car,black,convertible
train/037-cropped.jpg,534,161,568,184,license-plate,grey,ute
train/037.jpg,21,144,611,422,car,grey,ute
train/038-cropped.jpg,370,208,428,247,license-plate,black,ute
train/038.jpg,110,69,584,407,car,black,ute
train/039-cropped.jpg,302,116,329,136,license-plate,blue,suv
train/039.jpg,55,98,414,296,car,blue,suv
train/040-cropped.jpg,113,128,182,150,license-plate,silver,station-wagon
train/040.jpg,55,96,362,333,car,silver,station-wagon
train/041-cropped.jpg,16,206,58,247,license-plate,black,station-wagon
train/041.jpg,60,55,489,340,car,black,station-wagon
train/042-cropped.jpg,116,234,194,260,license-plate,purple,station-wagon
train/042.jpg,110,45,432,337,car,purple,station-wagon
train/043-cropped.jpg,182,177,281,207,license-plate,green,station-wagon
train/043.jpg,83,0,497,328,car,green,station-wagon
train/044-cropped.jpg,58,135,113,168,license-plate,white,station-wagon
train/044.jpg,49,45,486,308,car,white,station-wagon
train/045-cropped.jpg,6,131,35,162,license-plate,black,sedan
train/045.jpg,17,64,464,285,car,black,sedan
train/046-cropped.jpg,12,206,55,245,license-plate,silver,sedan
train/046.jpg,0,34,508,336,car,silver,sedan
train/047-cropped.jpg,89,219,170,256,license-plate,black,sedan
train/047.jpg,15,61,375,345,car,black,sedan
train/048-cropped.jpg,352,192,408,223,license-plate,silver,sedan
train/048.jpg,30,79,489,348,car,silver,sedan
train/049-cropped.jpg,158,165,251,193,license-plate,red,sedan
train/049.jpg,57,20,476,319,car,red,sedan
train/050-cropped.jpg,341,190,397,227,license-plate,brown,sedan
train/050.jpg,35,74,466,354,car,brown,sedan
train/051-cropped.jpg,22,178,63,221,license-plate,red,hatchback
train/051.jpg,29,31,413,317,car,red,hatchback
train/052-cropped.jpg,43,182,83,217,license-plate,white,hatchback
train/052.jpg,77,46,485,312,car,white,hatchback
train/053-cropped.jpg,88,211,135,226,license-plate,yellow,van
train/053.jpg,159,66,379,325,car,yellow,van
train/054-cropped.jpg,158,325,304,370,license-plate,silver,coupe
train/054.jpg,0,4,508,381,car,silver,coupe
train/055-cropped.jpg,262,197,304,219,license-plate,white,van
train/055.jpg,100,62,448,302,car,white,van
train/056-cropped.jpg,117,227,207,256,license-plate,grey,hatchback
train/056.jpg,77,58,404,346,car,grey,hatchback
train/057-cropped.jpg,35,113,73,135,license-plate,white,ute
train/057.jpg,53,84,355,276,car,white,ute
train/058-cropped.jpg,345,102,382,134,license-plate,silver,hatchback
train/058.jpg,48,114,472,381,car,silver,hatchback
train/059-cropped.jpg,378,197,429,231,license-plate,blue,ute
train/059.jpg,12,8,484,343,car,blue,ute
train/060-cropped.jpg,311,184,374,226,license-plate,black,coupe
train/060.jpg,29,27,452,311,car,black,coupe
train/061-cropped.jpg,133,193,198,213,license-plate,black,ute
train/061.jpg,105,40,438,327,car,black,ute
train/062-cropped.jpg,139,254,220,278,license-plate,silver,sedan
train/062.jpg,88,58,429,362,car,silver,sedan
train/063-cropped.jpg,368,374,435,429,license-plate,white,van
train/063.jpg,82,9,588,480,car,white,van
train/064-cropped.jpg,28,255,61,287,license-plate,white,van
train/064.jpg,61,69,551,390,car,white,van
train/065-cropped.jpg,494,218,543,275,license-plate,silver,hatchback
train/065.jpg,48,49,603,390,car,silver,hatchback
train/066-cropped.jpg,76,131,140,164,license-plate,black,suv
train/066.jpg,34,109,463,381,car,black,suv
train/067-cropped.jpg,159,260,244,281,license-plate,orange,coupe
train/067.jpg,52,36,439,359,car,orange,coupe
train/068-cropped.jpg,282,200,339,229,license-plate,silver,ute
train/068.jpg,150,86,534,365,car,silver,ute
train/069-cropped.jpg,69,179,127,218,license-plate,black,convertible
train/069.jpg,20,90,498,344,car,black,convertible
train/070-cropped.jpg,21,151,58,174,license-plate,silver,ute
train/070.jpg,99,112,528,368,car,silver,ute
train/071-cropped.jpg,424,198,464,234,license-plate,black,ute
train/071.jpg,78,110,576,430,car,black,ute
train/072-cropped.jpg,507,199,546,229,license-plate,black,ute
train/072.jpg,25,61,622,388,car,black,ute
train/073-cropped.jpg,117,212,194,235,license-plate,black,4x4
train/073.jpg,99,0,423,294,car,black,4x4
train/074-cropped.jpg,297,196,347,226,license-plate,silver,station-wagon
train/074.jpg,71,27,447,289,car,silver,station-wagon
train/075-cropped.jpg,59,203,124,227,license-plate,red,4x4
train/075.jpg,4,67,404,347,car,red,4x4
train/076-cropped.jpg,312,178,356,207,license-plate,red,4x4
train/076.jpg,48,38,442,287,car,red,4x4
train/077-cropped.jpg,162,309,276,332,license-plate,black,sedan
train/077.jpg,28,0,470,361,car,black,sedan
train/078-cropped.jpg,33,161,73,204,license-plate,blue,sedan
train/078.jpg,35,84,486,335,car,blue,sedan
train/079-cropped.jpg,19,125,57,159,license-plate,black,sedan
train/079.jpg,16,115,560,399,car,black,sedan
train/080-cropped.jpg,122,245,195,264,license-plate,white,sedan
train/080.jpg,74,19,391,332,car,white,sedan
train/081-cropped.jpg,385,202,444,232,license-plate,white,sedan
train/081.jpg,12,28,504,305,car,white,sedan
train/082-cropped.jpg,279,89,319,114,license-plate,black,sedan
train/082.jpg,111,75,482,267,car,black,sedan
train/083-cropped.jpg,370,288,425,332,license-plate,white,sedan
train/083.jpg,0,0,478,369,car,white,sedan
train/084-cropped.jpg,108,229,181,251,license-plate,silver,hatchback
train/084.jpg,87,115,389,381,car,silver,hatchback
train/085-cropped.jpg,121,236,194,259,license-plate,silver,hatchback
train/085.jpg,56,5,358,275,car,silver,hatchback
train/086-cropped.jpg,266,205,310,237,license-plate,white,van
train/086.jpg,61,71,422,350,car,white,van
train/087-cropped.jpg,165,282,275,314,license-plate,silver,hatchback
train/087.jpg,20,37,452,381,car,silver,hatchback
train/088-cropped.jpg,69,215,121,237,license-plate,white,van
train/088.jpg,86,29,346,274,car,white,van
train/089-cropped.jpg,70,220,130,250,license-plate,blue,hatchback
train/089.jpg,52,27,417,298,car,blue,hatchback
train/090-cropped.jpg,121,244,201,270,license-plate,blue,van
train/090.jpg,89,34,417,320,car,blue,van
train/091-cropped.jpg,253,112,279,131,license-plate,silver,hatchback
train/091.jpg,85,87,382,253,car,silver,hatchback
train/092-cropped.jpg,151,263,222,293,license-plate,red,ute
train/092.jpg,26,82,348,375,car,red,ute
train/093-cropped.jpg,386,222,446,272,license-plate,blue,coupe
train/093.jpg,20,41,507,344,car,blue,coupe
train/094-cropped.jpg,120,113,158,126,license-plate,white,ute
train/094.jpg,106,97,343,249,car,white,ute
train/095-cropped.jpg,116,169,183,192,license-plate,black,convertible
train/095.jpg,139,66,412,278,car,black,convertible
train/096-cropped.jpg,347,251,396,287,license-plate,white,van
train/096.jpg,92,54,539,374,car,white,van
train/097-cropped.jpg,278,123,310,150,license-plate,green,coupe
train/097.jpg,97,157,432,335,car,green,coupe
train/098-cropped.jpg,31,199,83,234,license-plate,black,suv
train/098.jpg,31,25,476,321,car,black,suv
train/099-cropped.jpg,109,290,249,349,license-plate,black,coupe
train/099.jpg,0,0,508,381,car,black,coupe
train/100-cropped.jpg,221,229,337,274,license-plate,black,suv
train/100.jpg,20,0,508,312,car,black,suv
train/101-cropped.jpg,140,165,232,196,license-plate,silver,suv
train/101.jpg,71,134,448,381,car,silver,suv
train/102-cropped.jpg,45,233,107,282,license-plate,white,suv
train/102.jpg,7,22,464,355,car,white,suv
train/103-cropped.jpg,361,140,393,161,license-plate,silver,suv
train/103.jpg,44,57,453,288,car,silver,suv
train/104-cropped.jpg,423,254,479,304,license-plate,black,suv
train/104.jpg,96,74,612,457,car,black,suv
train/105-cropped.jpg,345,177,386,203,license-plate,purple,4x4
train/105.jpg,35,82,459,349,car,purple,4x4
train/106-cropped.jpg,409,229,459,263,license-plate,cream,station-wagon
train/106.jpg,0,35,496,348,car,cream,station-wagon
train/107-cropped.jpg,320,161,397,206,license-plate,white,station-wagon
train/107.jpg,34,12,508,342,car,white,station-wagon
train/108-cropped.jpg,26,170,65,210,license-plate,black,station-wagon
train/108.jpg,49,58,450,328,car,black,station-wagon
train/109-cropped.jpg,22,123,68,147,license-plate,blue,sedan
train/109.jpg,154,133,602,346,car,blue,sedan
train/110-cropped.jpg,109,242,218,292,license-plate,black,sedan
train/110.jpg,51,60,504,391,car,black,sedan
train/111-cropped.jpg,262,156,306,188,license-plate,black,sedan
train/111.jpg,96,73,441,301,car,black,sedan
train/112-cropped.jpg,163,182,249,208,license-plate,black,sedan
train/112.jpg,56,67,460,345,car,black,sedan
train/113-cropped.jpg,20,134,48,162,license-plate,silver,sedan
train/113.jpg,84,80,453,279,car,silver,sedan
train/114-cropped.jpg,213,256,302,283,license-plate,silver,sedan
train/114.jpg,60,48,471,378,car,silver,sedan
train/115-cropped.jpg,50,220,112,250,license-plate,yellow,hatchback
train/115.jpg,66,48,422,343,car,yellow,hatchback
train/116-cropped.jpg,178,287,294,320,license-plate,cream,hatchback
train/116.jpg,9,0,495,364,car,cream,hatchback
train/117-cropped.jpg,236,181,274,207,license-plate,white,van
train/117.jpg,113,76,436,303,car,white,van
train/118-cropped.jpg,145,172,269,202,license-plate,black,hatchback
train/118.jpg,64,111,450,371,car,black,hatchback
train/119-cropped.jpg,509,223,549,258,license-plate,red,suv
train/119.jpg,37,72,630,412,car,red,suv
train/120-cropped.jpg,131,261,227,291,license-plate,blue,hatchback
train/120.jpg,70,90,429,381,car,blue,hatchback
train/121-cropped.jpg,409,268,459,305,license-plate,grey,ute
train/121.jpg,18,56,508,381,car,grey,ute
train/122-cropped.jpg,280,151,342,183,license-plate,silver,hatchback
train/122.jpg,52,79,453,314,car,silver,hatchback
train/123-cropped.jpg,60,187,107,222,license-plate,white,ute
train/123.jpg,18,48,489,379,car,white,ute
train/124-cropped.jpg,464,222,513,258,license-plate,silver,coupe
train/124.jpg,52,77,600,393,car,silver,coupe
train/125-cropped.jpg,97,193,152,219,license-plate,white,ute
train/125.jpg,48,45,440,323,car,white,ute
train/126-cropped.jpg,96,218,172,250,license-plate,silver,convertible
train/126.jpg,92,55,437,325,car,silver,convertible
train/127-cropped.jpg,511,328,545,377,license-plate,white,van
train/127.jpg,51,7,618,419,car,white,van
train/128-cropped.jpg,325,116,362,135,license-plate,red,coupe
train/128.jpg,59,143,459,313,car,red,coupe
train/129-cropped.jpg,361,153,407,178,license-plate,white,suv
train/129.jpg,33,93,476,358,car,white,suv
train/130-cropped.jpg,37,151,81,181,license-plate,blue,coupe
train/130.jpg,12,83,502,335,car,blue,coupe
train/131-cropped.jpg,252,263,320,302,license-plate,silver,people-mover
train/131.jpg,57,37,458,380,car,silver,people-mover
train/132-cropped.jpg,135,163,213,186,license-plate,blue,suv
train/132.jpg,82,87,439,381,car,blue,suv
train/133-cropped.jpg,48,221,94,254,license-plate,white,people-mover
train/133.jpg,31,65,455,357,car,white,people-mover
train/134-cropped.jpg,164,230,251,259,license-plate,white,suv
train/134.jpg,41,28,457,367,car,white,suv
train/135-cropped.jpg,471,208,511,254,license-plate,white,suv
train/135.jpg,52,69,582,401,car,white,suv
train/136-cropped.jpg,104,210,182,234,license-plate,silver,station-wagon
train/136.jpg,83,94,380,355,car,silver,station-wagon
train/137-cropped.jpg,127,161,203,186,license-plate,blue,suv
train/137.jpg,94,76,412,327,car,blue,suv
train/138-cropped.jpg,479,231,530,288,license-plate,red,suv
train/138.jpg,45,54,594,440,car,red,suv
train/139-cropped.jpg,181,163,223,182,license-plate,silver,station-wagon
train/139.jpg,119,107,389,311,car,silver,station-wagon
train/140-cropped.jpg,343,168,381,203,license-plate,white,sedan
train/140.jpg,51,62,457,318,car,white,sedan
train/141-cropped.jpg,111,247,206,281,license-plate,black,sedan
train/141.jpg,31,19,422,348,car,black,sedan
train/142-cropped.jpg,8,250,72,299,license-plate,green,sedan
train/142.jpg,0,32,452,360,car,green,sedan
train/143-cropped.jpg,71,167,131,194,license-plate,silver,sedan
train/143.jpg,16,68,406,295,car,silver,sedan
train/144-cropped.jpg,101,190,164,209,license-plate,white,sedan
train/144.jpg,134,61,414,296,car,white,sedan
train/145-cropped.jpg,153,258,248,284,license-plate,purple,sedan
train/145.jpg,47,25,445,326,car,purple,sedan
train/146-cropped.jpg,373,181,418,225,license-plate,grey,hatchback
train/146.jpg,19,56,475,342,car,grey,hatchback
train/147-cropped.jpg,45,246,97,285,license-plate,purple,suv
train/147.jpg,25,66,547,443,car,purple,suv
train/148-cropped.jpg,254,182,305,214,license-plate,white,hatchback
train/148.jpg,60,89,397,339,car,white,hatchback
train/149-cropped.jpg,467,261,521,303,license-plate,silver,suv
train/149.jpg,43,67,611,458,car,silver,suv
train/150-cropped.jpg,401,210,451,251,license-plate,white,hatchback
train/150.jpg,63,72,542,391,car,white,hatchback
train/151-cropped.jpg,459,208,504,247,license-plate,silver,hatchback
train/151.jpg,63,145,593,446,car,silver,hatchback
train/152-cropped.jpg,142,226,238,258,license-plate,grey,hatchback
train/152.jpg,55,43,445,359,car,grey,hatchback
train/153-cropped.jpg,228,109,270,127,license-plate,blue,ute
train/153.jpg,81,63,409,283,car,blue,ute
train/154-cropped.jpg,256,144,326,172,license-plate,green,hatchback
train/154.jpg,57,38,470,324,car,green,hatchback
train/155-cropped.jpg,335,138,381,169,license-plate,black,coupe
train/155.jpg,73,80,501,287,car,black,coupe
train/156-cropped.jpg,461,264,501,300,license-plate,white,people-mover
train/156.jpg,57,64,586,444,car,white,people-mover
train/157-cropped.jpg,35,153,87,185,license-plate,white,coupe
train/157.jpg,113,204,520,435,car,white,coupe
train/158-cropped.jpg,33,121,69,153,license-plate,silver,convertible
train/158.jpg,34,77,462,327,car,silver,convertible
train/159-cropped.jpg,99,191,158,210,license-plate,blue,suv
train/159.jpg,120,18,487,253,car,blue,suv
train/160-cropped.jpg,431,175,495,202,license-plate,black,hatchback
train/160.jpg,46,158,600,458,car,black,hatchback
train/161-cropped.jpg,467,154,497,186,license-plate,black,ute
train/161.jpg,61,69,570,325,car,black,ute
train/162-cropped.jpg,169,245,280,282,license-plate,red,coupe
train/162.jpg,18,10,465,308,car,red,coupe
train/163-cropped.jpg,33,154,92,179,license-plate,blue,suv
train/163.jpg,0,82,436,349,car,blue,suv
train/164-cropped.jpg,176,212,289,246,license-plate,grey,suv
train/164.jpg,60,4,508,381,car,grey,suv
train/165-cropped.jpg,249,243,318,280,license-plate,white,people-mover
train/165.jpg,29,13,437,347,car,white,people-mover
train/166-cropped.jpg,167,292,285,324,license-plate,white,suv
train/166.jpg,0,19,462,378,car,white,suv
train/167-cropped.jpg,137,236,228,266,license-plate,black,4x4
train/167.jpg,55,25,421,337,car,black,4x4
train/168-cropped.jpg,55,185,104,224,license-plate,green,4x4
train/168.jpg,33,16,453,324,car,green,4x4
train/169-cropped.jpg,534,286,587,341,license-plate,black,suv
train/169.jpg,6,22,627,440,car,black,suv
train/170-cropped.jpg,451,165,487,199,license-plate,black,suv
train/170.jpg,88,146,579,426,car,black,suv
train/171-cropped.jpg,144,214,243,244,license-plate,silver,sedan
train/171.jpg,57,48,454,315,car,silver,sedan
train/172-cropped.jpg,460,153,506,177,license-plate,silver,sedan
train/172.jpg,44,210,590,449,car,silver,sedan
train/173-cropped.jpg,153,289,267,323,license-plate,blue,hatchback
train/173.jpg,35,25,455,381,car,blue,hatchback
train/174-cropped.jpg,398,136,438,162,license-plate,cream,sedan
train/174.jpg,66,144,569,366,car,cream,sedan
train/175-cropped.jpg,351,164,385,199,license-plate,black,sedan
train/175.jpg,46,94,465,326,car,black,sedan
train/176-cropped.jpg,263,98,296,115,license-plate,red,sedan
train/176.jpg,101,95,430,243,car,red,sedan
train/177-cropped.jpg,122,263,215,288,license-plate,silver,sedan
train/177.jpg,65,0,423,313,car,silver,sedan
train/178-cropped.jpg,30,251,88,302,license-plate,blue,hatchback
train/178.jpg,7,79,508,381,car,blue,hatchback
train/179-cropped.jpg,353,231,398,265,license-plate,black,van
train/179.jpg,25,71,475,381,car,black,van
train/180-cropped.jpg,265,193,319,221,license-plate,black,hatchback
train/180.jpg,41,44,418,326,car,black,hatchback
train/181-cropped.jpg,483,205,540,229,license-plate,brown,station-wagon
train/181.jpg,13,94,619,394,car,brown,station-wagon
train/182-cropped.jpg,0,127,19,152,license-plate,black,hatchback
train/182.jpg,56,79,433,270,car,black,hatchback
train/183-cropped.jpg,109,189,186,212,license-plate,green,ute
train/183.jpg,95,26,413,280,car,green,ute
train/184-cropped.jpg,460,253,513,299,license-plate,silver,hatchback
train/184.jpg,32,51,573,429,car,silver,hatchback
train/185-cropped.jpg,63,175,114,191,license-plate,black,ute
train/185.jpg,129,111,378,321,car,black,ute
train/186-cropped.jpg,452,250,505,289,license-plate,blue,hatchback
train/186.jpg,48,81,591,447,car,blue,hatchback
train/187-cropped.jpg,224,180,272,203,license-plate,grey,ute
train/187.jpg,68,50,391,286,car,grey,ute
train/188-cropped.jpg,149,205,240,233,license-plate,grey,sedan
train/188.jpg,30,51,425,358,car,grey,sedan
train/189-cropped.jpg,247,185,302,209,license-plate,white,ute
train/189.jpg,51,70,452,329,car,white,ute
train/190-cropped.jpg,19,217,70,255,license-plate,red,convertible
train/190.jpg,0,44,489,355,car,red,convertible
train/191-cropped.jpg,49,148,93,171,license-plate,black,station-wagon
train/191.jpg,67,84,425,292,car,black,station-wagon
train/192-cropped.jpg,259,77,297,98,license-plate,white,coupe
train/192.jpg,98,149,448,310,car,white,coupe
train/193-cropped.jpg,425,185,480,205,license-plate,white,ute
train/193.jpg,32,117,608,393,car,white,ute
train/194-cropped.jpg,463,223,512,259,license-plate,silver,coupe
train/194.jpg,53,76,599,398,car,silver,coupe
train/195-cropped.jpg,35,131,72,148,license-plate,blue,suv
train/195.jpg,53,137,370,322,car,blue,suv
train/196-cropped.jpg,231,210,288,228,license-plate,white,suv
train/196.jpg,101,9,484,310,car,white,suv
train/197-cropped.jpg,33,181,77,209,license-plate,black,suv
train/197.jpg,26,63,378,297,car,black,suv
train/198-cropped.jpg,141,251,232,279,license-plate,white,suv
train/198.jpg,32,9,421,329,car,white,suv
train/199-cropped.jpg,32,117,75,140,license-plate,white,sedan
train/199.jpg,98,68,413,236,car,white,sedan
train/200-cropped.jpg,378,205,430,243,license-plate,silver,station-wagon
train/200.jpg,10,38,480,342,car,silver,station-wagon
train/201-cropped.jpg,305,174,352,200,license-plate,silver,suv
train/201.jpg,125,73,511,329,car,silver,suv
train/202-cropped.jpg,112,203,175,220,license-plate,silver,4x4
train/202.jpg,117,72,405,331,car,silver,4x4
train/203-cropped.jpg,318,116,361,143,license-plate,grey,station-wagon
train/203.jpg,38,76,452,319,car,grey,station-wagon
train/204-cropped.jpg,161,120,269,154,license-plate,black,sedan
train/204.jpg,41,101,492,379,car,black,sedan
train/205-cropped.jpg,44,236,101,268,license-plate,gold,sedan
train/205.jpg,4,59,506,374,car,gold,sedan
train/206-cropped.jpg,442,137,471,169,license-plate,red,sedan
train/206.jpg,60,98,541,340,car,red,sedan
train/207-cropped.jpg,379,118,414,135,license-plate,blue,sedan
train/207.jpg,29,174,469,362,car,blue,sedan
train/208-cropped.jpg,420,122,458,167,license-plate,blue,coupe
train/208.jpg,37,90,508,344,car,blue,coupe
train/209-cropped.jpg,53,80,86,101,license-plate,silver,sedan
train/209.jpg,10,152,460,336,car,silver,sedan
train/210-cropped.jpg,41,192,94,222,license-plate,white,hatchback
train/210.jpg,86,110,544,387,car,white,hatchback
train/211-cropped.jpg,33,291,81,347,license-plate,red,4x4
train/211.jpg,12,31,594,463,car,red,4x4
train/212-cropped.jpg,137,163,220,188,license-plate,silver,hatchback
train/212.jpg,77,54,430,342,car,silver,hatchback
train/213-cropped.jpg,214,289,304,325,license-plate,white,ute
train/213.jpg,11,4,486,351,car,white,ute
train/214-cropped.jpg,257,257,330,294,license-plate,grey,hatchback
train/214.jpg,22,28,417,358,car,grey,hatchback
train/215-cropped.jpg,34,140,69,158,license-plate,blue,ute
train/215.jpg,76,39,447,282,car,blue,ute
train/216-cropped.jpg,92,115,153,135,license-plate,white,hatchback
train/216.jpg,153,87,408,305,car,white,hatchback
train/217-cropped.jpg,359,179,407,219,license-plate,white,ute
train/217.jpg,38,51,479,359,car,white,ute
train/218-cropped.jpg,132,251,211,273,license-plate,red,hatchback
train/218.jpg,96,13,417,310,car,red,hatchback
train/219-cropped.jpg,40,269,88,310,license-plate,white,people-mover
train/219.jpg,41,45,546,407,car,white,people-mover
train/220-cropped.jpg,488,245,527,284,license-plate,black,coupe
train/220.jpg,34,73,595,407,car,black,coupe
train/221-cropped.jpg,48,155,89,181,license-plate,green,ute
train/221.jpg,21,96,483,324,car,green,ute
train/222-cropped.jpg,11,154,48,180,license-plate,silver,convertible
train/222.jpg,19,94,476,306,car,silver,convertible
train/223-cropped.jpg,148,229,230,252,license-plate,red,4x4
train/223.jpg,70,16,437,339,car,red,4x4
train/224-cropped.jpg,204,267,322,300,license-plate,grey,coupe
train/224.jpg,0,0,505,332,car,grey,coupe
train/225-cropped.jpg,493,194,542,214,license-plate,grey,ute
train/225.jpg,21,82,614,414,car,grey,ute
train/226-cropped.jpg,515,199,556,236,license-plate,black,coupe
train/226.jpg,41,95,611,405,car,black,coupe
train/227-cropped.jpg,146,275,240,298,license-plate,blue,suv
train/227.jpg,74,31,456,343,car,blue,suv
train/228-cropped.jpg,92,179,143,194,license-plate,silver,people-mover
train/228.jpg,116,91,349,317,car,silver,people-mover
train/229-cropped.jpg,27,248,78,300,license-plate,grey,station-wagon
train/229.jpg,42,25,459,377,car,grey,station-wagon
train/230-cropped.jpg,296,112,340,130,license-plate,blue,ute
train/230.jpg,158,139,534,368,car,blue,ute
train/231-cropped.jpg,532,279,585,336,license-plate,silver,suv
train/231.jpg,22,33,622,465,car,silver,suv
train/232-cropped.jpg,484,241,546,282,license-plate,white,suv
train/232.jpg,30,61,621,415,car,white,suv
train/233-cropped.jpg,269,81,298,98,license-plate,silver,station-wagon
train/233.jpg,74,109,415,315,car,silver,station-wagon
train/234-cropped.jpg,94,184,154,200,license-plate,purple,4x4
train/234.jpg,86,67,363,301,car,purple,4x4
train/235-cropped.jpg,293,118,336,144,license-plate,silver,station-wagon
train/235.jpg,44,78,423,312,car,silver,station-wagon
train/236-cropped.jpg,310,207,374,241,license-plate,red,sedan
train/236.jpg,46,46,486,317,car,red,sedan
train/237-cropped.jpg,48,127,102,146,license-plate,black,sedan
train/237.jpg,76,112,416,297,car,black,sedan
train/238-cropped.jpg,124,129,213,160,license-plate,blue,sedan
train/238.jpg,112,66,468,356,car,blue,sedan
train/239-cropped.jpg,462,169,518,193,license-plate,grey,sedan
train/239.jpg,35,168,608,430,car,grey,sedan
train/240-cropped.jpg,376,177,417,208,license-plate,blue,sedan
train/240.jpg,46,101,487,355,car,blue,sedan
train/241-cropped.jpg,372,132,407,162,license-plate,silver,sedan
train/241.jpg,50,82,478,310,car,silver,sedan
train/242-cropped.jpg,26,151,64,178,license-plate,silver,hatchback
train/242.jpg,93,66,447,285,car,silver,hatchback
train/243-cropped.jpg,22,213,65,250,license-plate,gold,suv
train/243.jpg,28,76,611,411,car,gold,suv
train/244-cropped.jpg,402,129,449,149,license-plate,black,hatchback
train/244.jpg,14,118,496,332,car,black,hatchback
train/245-cropped.jpg,142,293,216,318,license-plate,white,people-mover
train/245.jpg,63,16,418,370,car,white,people-mover
train/246-cropped.jpg,388,210,441,242,license-plate,silver,hatchback
train/246.jpg,25,43,508,341,car,silver,hatchback
train/247-cropped.jpg,406,215,463,251,license-plate,black,suv
train/247.jpg,54,103,555,422,car,black,suv
train/248-cropped.jpg,316,316,412,365,license-plate,silver,hatchback
train/248.jpg,27,1,507,381,car,silver,hatchback
train/249-cropped.jpg,309,214,359,242,license-plate,grey,ute
train/249.jpg,49,32,475,296,car,grey,ute
train/250-cropped.jpg,23,143,61,168,license-plate,red,coupe
train/250.jpg,61,105,409,310,car,red,coupe
train/251-cropped.jpg,97,156,145,175,license-plate,grey,ute
train/251.jpg,155,39,389,246,car,grey,ute
train/252-cropped.jpg,502,132,531,167,license-plate,white,coupe
train/252.jpg,42,163,580,415,car,white,coupe
train/253-cropped.jpg,263,196,334,221,license-plate,white,ute
train/253.jpg,33,29,463,340,car,white,ute
train/254-cropped.jpg,186,215,253,252,license-plate,silver,station-wagon
train/254.jpg,123,113,445,379,car,silver,station-wagon
train/255-cropped.jpg,150,294,241,323,license-plate,black,coupe
train/255.jpg,79,2,444,330,car,black,coupe
train/256-cropped.jpg,25,187,60,214,license-plate,grey,ute
train/256.jpg,22,166,463,432,car,grey,ute
train/257-cropped.jpg,248,180,378,223,license-plate,white,coupe
train/257.jpg,15,102,628,426,car,white,coupe
train/258-cropped.jpg,534,253,576,298,license-plate,red,ute
train/258.jpg,7,33,629,438,car,red,ute
train/259-cropped.jpg,124,243,211,266,license-plate,red,suv
train/259.jpg,101,15,460,324,car,red,suv
train/260-cropped.jpg,144,186,222,210,license-plate,black,4x4
train/260.jpg,64,53,425,343,car,black,4x4
train/261-cropped.jpg,430,221,478,256,license-plate,white,ute
train/261.jpg,55,86,575,419,car,white,ute
train/262-cropped.jpg,97,198,172,227,license-plate,red,suv
train/262.jpg,37,54,394,343,car,red,suv
train/263-cropped.jpg,96,175,149,190,license-plate,white,people-mover
train/263.jpg,101,89,350,313,car,white,people-mover
train/264-cropped.jpg,20,176,48,206,license-plate,silver,suv
train/264.jpg,48,60,447,306,car,silver,suv
train/265-cropped.jpg,159,203,245,230,license-plate,silver,sedan
train/265.jpg,56,64,460,353,car,silver,sedan
train/266-cropped.jpg,149,155,238,184,license-plate,grey,suv
train/266.jpg,65,0,453,301,car,grey,suv
train/267-cropped.jpg,504,200,548,234,license-plate,red,sedan
train/267.jpg,31,147,610,432,car,red,sedan
train/268-cropped.jpg,108,201,182,221,license-plate,grey,sedan
train/268.jpg,97,77,399,322,car,grey,sedan
train/269-cropped.jpg,374,223,421,258,license-plate,black,sedan
train/269.jpg,57,90,505,381,car,black,sedan
train/270-cropped.jpg,103,116,168,137,license-plate,white,sedan
train/270.jpg,69,65,333,284,car,white,sedan
train/271-cropped.jpg,55,196,112,229,license-plate,white,sedan
train/271.jpg,33,42,404,287,car,white,sedan
train/272-cropped.jpg,39,179,78,228,license-plate,white,people-mover
train/272.jpg,29,35,616,451,car,white,people-mover
train/273-cropped.jpg,413,200,464,237,license-plate,red,hatchback
train/273.jpg,0,35,504,348,car,red,hatchback
train/274-cropped.jpg,313,216,347,245,license-plate,white,van
train/274.jpg,66,72,447,350,car,white,van
train/275-cropped.jpg,48,211,103,250,license-plate,black,hatchback
train/275.jpg,11,52,480,349,car,black,hatchback
train/276-cropped.jpg,256,205,289,229,license-plate,white,van
train/276.jpg,82,61,411,304,car,white,van
train/277-cropped.jpg,182,274,327,316,license-plate,white,hatchback
train/277.jpg,3,5,505,378,car,white,hatchback
train/278-cropped.jpg,282,156,330,180,license-plate,silver,ute
train/278.jpg,87,54,466,279,car,silver,ute
train/279-cropped.jpg,375,243,435,288,license-plate,black,hatchback
train/279.jpg,14,17,507,356,car,black,hatchback
train/280-cropped.jpg,448,287,497,310,license-plate,white,van
train/280.jpg,44,57,607,416,car,white,van
train/281-cropped.jpg,423,144,469,173,license-plate,white,coupe
train/281.jpg,4,96,501,318,car,white,coupe
train/282-cropped.jpg,135,245,211,269,license-plate,white,ute
train/282.jpg,72,53,421,365,car,white,ute
train/283-cropped.jpg,24,190,88,234,license-plate,red,coupe
train/283.jpg,12,28,479,326,car,red,coupe
train/284-cropped.jpg,155,218,237,243,license-plate,white,ute
train/284.jpg,24,47,391,329,car,white,ute
train/285-cropped.jpg,374,189,438,230,license-plate,black,convertible
train/285.jpg,12,68,490,365,car,black,convertible
train/286-cropped.jpg,48,296,132,343,license-plate,black,station-wagon
train/286.jpg,0,8,497,372,car,black,station-wagon
train/287-cropped.jpg,383,222,445,270,license-plate,blue,coupe
train/287.jpg,22,42,508,343,car,blue,coupe
train/288-cropped.jpg,325,162,373,191,license-plate,black,suv
train/288.jpg,65,10,472,291,car,black,suv
train/289-cropped.jpg,456,318,536,393,license-plate,red,convertible
train/289.jpg,53,15,627,462,car,red,convertible
train/290-cropped.jpg,402,181,444,212,license-plate,red,ute
train/290.jpg,97,94,562,391,car,red,ute
train/291-cropped.jpg,192,251,273,289,license-plate,silver,suv
train/291.jpg,33,81,497,381,car,silver,suv
train/292-cropped.jpg,104,232,198,263,license-plate,grey,people-mover
train/292.jpg,69,69,481,381,car,grey,people-mover
train/293-cropped.jpg,530,218,561,263,license-plate,white,ute
train/293.jpg,30,57,605,419,car,white,ute
train/294-cropped.jpg,37,122,79,144,license-plate,silver,station-wagon
train/294.jpg,94,112,421,306,car,silver,station-wagon
train/295-cropped.jpg,48,174,93,204,license-plate,red,4x4
train/295.jpg,76,90,451,358,car,red,4x4
train/296-cropped.jpg,100,158,160,176,license-plate,blue,4x4
train/296.jpg,98,120,366,341,car,blue,4x4
train/297-cropped.jpg,368,235,424,280,license-plate,white,station-wagon
train/297.jpg,25,28,489,367,car,white,station-wagon
train/298-cropped.jpg,247,179,321,206,license-plate,blue,sedan
train/298.jpg,67,66,485,314,car,blue,sedan
train/299-cropped.jpg,470,231,526,265,license-plate,silver,sedan
train/299.jpg,44,98,620,425,car,silver,sedan
train/300-cropped.jpg,246,234,307,263,license-plate,white,sedan
train/300.jpg,98,58,456,365,car,white,sedan
train/301-cropped.jpg,105,220,181,247,license-plate,white,suv
train/301.jpg,96,0,447,293,car,white,suv
train/302-cropped.jpg,291,163,332,182,license-plate,silver,hatchback
train/302.jpg,90,56,498,275,car,silver,hatchback
train/303-cropped.jpg,153,271,255,306,license-plate,black,coupe
train/303.jpg,60,0,452,310,car,black,coupe
train/304-cropped.jpg,548,211,582,230,license-plate,white,people-mover
train/304.jpg,11,113,628,401,car,white,people-mover
train/305-cropped.jpg,20,185,71,228,license-plate,grey,hatchback
train/305.jpg,28,53,474,346,car,grey,hatchback
train/306-cropped.jpg,46,210,95,237,license-plate,grey,van
train/306.jpg,61,10,455,302,car,grey,van
train/307-cropped.jpg,23,103,51,124,license-plate,white,hatchback
train/307.jpg,49,157,393,326,car,white,hatchback
train/308-cropped.jpg,509,293,579,355,license-plate,white,station-wagon
train/308.jpg,20,39,618,467,car,white,station-wagon
train/309-cropped.jpg,69,149,134,175,license-plate,silver,hatchback
train/309.jpg,125,0,455,221,car,silver,hatchback
train/310-cropped.jpg,96,189,153,207,license-plate,grey,ute
train/310.jpg,106,51,354,311,car,grey,ute
train/311-cropped.jpg,365,140,412,166,license-plate,grey,hatchback
train/311.jpg,52,104,496,340,car,grey,hatchback
train/312-cropped.jpg,469,206,512,241,license-plate,orange,coupe
train/312.jpg,56,79,590,381,car,orange,coupe
train/313-cropped.jpg,319,246,382,276,license-plate,black,ute
train/313.jpg,52,0,497,327,car,black,ute
train/314-cropped.jpg,75,144,150,189,license-plate,black,coupe
train/314.jpg,63,11,502,348,car,black,coupe
train/315-cropped.jpg,27,223,63,252,license-plate,white,van
train/315.jpg,33,86,537,404,car,white,van
train/316-cropped.jpg,457,271,508,315,license-plate,red,ute
train/316.jpg,89,31,630,418,car,red,ute
train/317-cropped.jpg,180,187,270,215,license-plate,green,4x4
train/317.jpg,28,0,466,304,car,green,4x4
train/318-cropped.jpg,78,212,126,237,license-plate,white,4x4
train/318.jpg,15,13,461,288,car,white,4x4
train/319-cropped.jpg,358,149,394,172,license-plate,white,ute
train/319.jpg,110,105,528,357,car,white,ute
train/320-cropped.jpg,28,137,69,159,license-plate,white,ute
train/320.jpg,103,145,528,389,car,white,ute
train/321-cropped.jpg,92,179,173,215,license-plate,blue,suv
train/321.jpg,28,0,508,363,car,blue,suv
train/322-cropped.jpg,527,187,574,210,license-plate,white,suv
train/322.jpg,8,83,627,399,car,white,suv
train/323-cropped.jpg,511,198,561,220,license-plate,white,suv
train/323.jpg,14,90,629,392,car,white,suv
train/324-cropped.jpg,28,133,73,157,license-plate,blue,suv
train/324.jpg,125,136,531,378,car,blue,suv
train/325-cropped.jpg,281,157,321,174,license-plate,black,suv
train/325.jpg,95,123,462,332,car,black,suv
train/326-cropped.jpg,150,217,258,248,license-plate,silver,sedan
train/326.jpg,43,43,452,325,car,silver,sedan
train/327-cropped.jpg,15,201,59,240,license-plate,silver,hatchback
train/327.jpg,17,41,427,327,car,silver,hatchback
train/328-cropped.jpg,376,170,409,195,license-plate,silver,sedan
train/328.jpg,44,82,488,310,car,silver,sedan
train/329-cropped.jpg,60,173,110,201,license-plate,red,sedan
train/329.jpg,76,34,439,262,car,red,sedan
train/330-cropped.jpg,171,188,243,211,license-plate,black,sedan
train/330.jpg,61,28,395,276,car,black,sedan
train/331-cropped.jpg,242,125,289,142,license-plate,white,sedan
train/331.jpg,149,106,497,288,car,white,sedan
train/332-cropped.jpg,51,160,101,187,license-plate,silver,sedan
train/332.jpg,10,96,502,331,car,silver,sedan
train/333-cropped.jpg,404,155,461,196,license-plate,grey,hatchback
train/333.jpg,8,37,494,311,car,grey,hatchback
train/334-cropped.jpg,152,162,282,209,license-plate,blue,coupe
train/334.jpg,29,32,481,312,car,blue,coupe
train/335-cropped.jpg,93,211,154,233,license-plate,white,van
train/335.jpg,108,76,376,322,car,white,van
train/336-cropped.jpg,30,149,73,171,license-plate,red,hatchback
train/336.jpg,0,99,508,328,car,red,hatchback
train/337-cropped.jpg,229,120,259,140,license-plate,white,van
train/337.jpg,89,44,393,266,car,white,van
train/338-cropped.jpg,155,195,253,223,license-plate,grey,hatchback
train/338.jpg,46,0,474,381,car,grey,hatchback
train/339-cropped.jpg,352,146,378,167,license-plate,white,ute
train/339.jpg,29,70,433,296,car,white,ute
train/340-cropped.jpg,60,170,112,194,license-plate,red,hatchback
train/340.jpg,30,60,456,301,car,red,hatchback
train/341-cropped.jpg,129,312,213,333,license-plate,grey,ute
train/341.jpg,71,31,415,373,car,grey,ute
train/342-cropped.jpg,410,123,454,145,license-plate,red,coupe
train/342.jpg,0,73,478,273,car,red,coupe
train/343-cropped.jpg,69,155,109,173,license-plate,yellow,4x4
train/343.jpg,121,51,395,263,car,yellow,4x4
train/344-cropped.jpg,296,282,385,318,license-plate,black,coupe
train/344.jpg,0,13,483,381,car,black,coupe
train/345-cropped.jpg,134,215,213,239,license-plate,black,ute
train/345.jpg,63,57,405,339,car,black,ute
train/346-cropped.jpg,477,317,532,379,license-plate,red,hatchback
train/346.jpg,42,7,598,445,car,red,hatchback
train/347-cropped.jpg,242,170,308,196,license-plate,silver,ute
train/347.jpg,59,36,446,331,car,silver,ute
train/348-cropped.jpg,136,210,293,261,license-plate,white,coupe
train/348.jpg,28,56,496,355,car,white,coupe
train/349-cropped.jpg,557,195,593,222,license-plate,white,ute
train/349.jpg,8,89,632,401,car,white,ute
train/350-cropped.jpg,1,206,61,248,license-plate,grey,convertible
train/350.jpg,0,16,423,307,car,grey,convertible
train/351-cropped.jpg,113,265,202,317,license-plate,grey,ute
train/351.jpg,13,30,622,461,car,grey,ute
train/352-cropped.jpg,472,120,505,149,license-plate,silver,ute
train/352.jpg,56,149,573,429,car,silver,ute
train/353-cropped.jpg,113,107,182,131,license-plate,grey,4x4
train/353.jpg,19,0,363,232,car,grey,4x4
train/354-cropped.jpg,143,101,195,122,license-plate,black,sedan
train/354.jpg,145,108,402,264,car,black,sedan
train/355-cropped.jpg,31,194,78,223,license-plate,blue,people-mover
train/355.jpg,92,67,398,316,car,blue,people-mover
