train/000.jpg,552,300,607,351,license-plate,black,hatchback
train/000.jpg,75,69,630,416,car,black,hatchback
train/001.jpg,258,209,314,227,license-plate,black,station-wagon
train/001.jpg,139,15,407,248,car,black,station-wagon
train/002.jpg,380,208,421,233,license-plate,black,coupe
train/002.jpg,29,71,443,270,car,black,coupe
train/003.jpg,560,275,610,328,license-plate,red,ute
train/003.jpg,11,29,629,430,car,red,ute
train/004.jpg,408,264,452,310,license-plate,black,convertible
train/004.jpg,75,44,476,357,car,black,convertible
train/005.jpg,455,289,503,333,license-plate,grey,ute
train/005.jpg,69,69,556,377,car,grey,ute
train/006.jpg,466,257,501,285,license-plate,black,ute
train/006.jpg,75,98,518,360,car,black,ute
train/007.jpg,220,328,319,359,license-plate,silver,station-wagon
train/007.jpg,63,23,457,381,car,silver,station-wagon
train/008.jpg,70,242,114,274,license-plate,white,station-wagon
train/008.jpg,10,124,444,345,car,white,station-wagon
train/009.jpg,512,282,554,328,license-plate,black,suv
train/009.jpg,73,87,577,413,car,black,suv
train/010.jpg,42,275,93,300,license-plate,blue,4x4
train/010.jpg,1,95,350,342,car,blue,4x4
train/011.jpg,381,176,438,223,license-plate,white,station-wagon
train/011.jpg,17,18,489,366,car,white,station-wagon
train/012.jpg,154,173,232,210,license-plate,white,station-wagon
train/012.jpg,43,7,506,323,car,white,station-wagon
train/013.jpg,296,281,375,313,license-plate,cream,sedan
train/013.jpg,17,32,482,331,car,cream,sedan
train/014.jpg,263,326,344,352,license-plate,gold,sedan
train/014.jpg,114,77,439,371,car,gold,sedan
train/015.jpg,314,178,354,199,license-plate,silver,sedan
train/015.jpg,0,19,402,245,car,silver,sedan
train/016.jpg,30,289,68,324,license-plate,silver,sedan
train/016.jpg,14,97,492,378,car,silver,sedan
train/017.jpg,245,247,317,273,license-plate,red,sedan
train/017.jpg,69,56,429,337,car,red,sedan
train/018.jpg,233,208,325,234,license-plate,silver,sedan
train/018.jpg,93,55,486,349,car,silver,sedan
train/019.jpg,153,322,298,367,license-plate,white,hatchback
train/019.jpg,0,0,478,381,car,white,hatchback
train/020.jpg,303,260,375,300,license-plate,black,hatchback
train/020.jpg,0,0,426,338,car,black,hatchback
train/021.jpg,234,306,300,327,license-plate,white,van
train/021.jpg,123,53,417,333,car,white,van
train/022.jpg,166,221,263,257,license-plate,black,station-wagon
train/022.jpg,25,0,452,348,car,black,station-wagon
train/023.jpg,358,231,407,266,license-plate,black,people-mover
train/023.jpg,54,19,440,317,car,black,people-mover
train/024.jpg,221,262,311,294,license-plate,grey,hatchback
train/024.jpg,107,94,437,338,car,grey,hatchback
train/025.jpg,382,206,422,237,license-plate,green,ute
train/025.jpg,70,50,482,284,car,green,ute
train/026.jpg,359,255,418,288,license-plate,blue,hatchback
train/026.jpg,56,88,478,324,car,blue,hatchback
train/027.jpg,503,323,546,362,license-plate,white,van
train/027.jpg,70,3,578,424,car,white,van
train/028.jpg,117,237,168,257,license-plate,red,sedan
train/028.jpg,27,108,487,298,car,red,sedan
train/029.jpg,194,310,245,337,license-plate,silver,ute
train/029.jpg,93,54,440,349,car,silver,ute
train/030.jpg,93,271,120,294,license-plate,red,coupe
train/030.jpg,62,172,459,328,car,red,coupe
train/031.jpg,225,269,291,287,license-plate,white,ute
train/031.jpg,120,79,404,325,car,white,ute
train/032.jpg,494,323,550,361,license-plate,cream,coupe
train/032.jpg,60,119,595,438,car,cream,coupe
train/033.jpg,15,224,60,256,license-plate,black,suv
train/033.jpg,0,24,508,340,car,black,suv
train/034.jpg,397,226,444,255,license-plate,white,hatchback
train/034.jpg,18,52,486,306,car,white,hatchback
train/035.jpg,565,302,603,326,license-plate,silver,ute
train/035.jpg,20,108,624,419,car,silver,ute
train/036.jpg,385,257,449,298,license-plate,black,convertible
train/036.jpg,13,69,489,363,car,black,convertible
train/037.jpg,555,305,589,328,license-plate,grey,ute
train/037.jpg,21,144,611,422,car,grey,ute
train/038.jpg,480,277,538,316,license-plate,black,ute
train/038.jpg,110,69,584,407,car,black,ute
train/039.jpg,357,214,384,234,license-plate,blue,suv
train/039.jpg,55,98,414,296,car,blue,suv
train/040.jpg,168,224,237,246,license-plate,silver,station-wagon
train/040.jpg,55,96,362,333,car,silver,station-wagon
train/041.jpg,76,261,118,302,license-plate,black,station-wagon
train/041.jpg,60,55,489,340,car,black,station-wagon
train/042.jpg,226,279,304,305,license-plate,purple,station-wagon
train/042.jpg,110,45,432,337,car,purple,station-wagon
train/043.jpg,265,177,364,207,license-plate,green,station-wagon
train/043.jpg,83,0,497,328,car,green,station-wagon
train/044.jpg,107,180,162,213,license-plate,white,station-wagon
train/044.jpg,49,45,486,308,car,white,station-wagon
train/045.jpg,23,195,52,226,license-plate,black,sedan
train/045.jpg,17,64,464,285,car,black,sedan
train/046.jpg,12,240,55,279,license-plate,silver,sedan
train/046.jpg,0,34,508,336,car,silver,sedan
train/047.jpg,104,280,185,317,license-plate,black,sedan
train/047.jpg,15,61,375,345,car,black,sedan
train/048.jpg,382,271,438,302,license-plate,silver,sedan
train/048.jpg,30,79,489,348,car,silver,sedan
train/049.jpg,215,185,308,213,license-plate,red,sedan
train/049.jpg,57,20,476,319,car,red,sedan
train/050.jpg,376,264,432,301,license-plate,brown,sedan
train/050.jpg,35,74,466,354,car,brown,sedan
train/051.jpg,51,209,92,252,license-plate,red,hatchback
train/051.jpg,29,31,413,317,car,red,hatchback
train/052.jpg,120,228,160,263,license-plate,white,hatchback
train/052.jpg,77,46,485,312,car,white,hatchback
train/053.jpg,247,277,294,292,license-plate,yellow,van
train/053.jpg,159,66,379,325,car,yellow,van
train/054.jpg,158,329,304,374,license-plate,silver,coupe
train/054.jpg,0,4,508,381,car,silver,coupe
train/055.jpg,362,259,404,281,license-plate,white,van
train/055.jpg,100,62,448,302,car,white,van
train/056.jpg,194,285,284,314,license-plate,grey,hatchback
train/056.jpg,77,58,404,346,car,grey,hatchback
train/057.jpg,88,197,126,219,license-plate,white,ute
train/057.jpg,53,84,355,276,car,white,ute
train/058.jpg,393,216,430,248,license-plate,silver,hatchback
train/058.jpg,48,114,472,381,car,silver,hatchback
train/059.jpg,390,205,441,239,license-plate,blue,ute
train/059.jpg,12,8,484,343,car,blue,ute
train/060.jpg,340,211,403,253,license-plate,black,coupe
train/060.jpg,29,27,452,311,car,black,coupe
train/061.jpg,238,233,303,253,license-plate,black,ute
train/061.jpg,105,40,438,327,car,black,ute
train/062.jpg,227,312,308,336,license-plate,silver,sedan
train/062.jpg,88,58,429,362,car,silver,sedan
train/063.jpg,450,383,517,438,license-plate,white,van
train/063.jpg,82,9,588,480,car,white,van
train/064.jpg,89,324,122,356,license-plate,white,van
train/064.jpg,61,69,551,390,car,white,van
train/065.jpg,542,267,591,324,license-plate,silver,hatchback
train/065.jpg,48,49,603,390,car,silver,hatchback
train/066.jpg,110,240,174,273,license-plate,black,suv
train/066.jpg,34,109,463,381,car,black,suv
train/067.jpg,211,296,296,317,license-plate,orange,coupe
train/067.jpg,52,36,439,359,car,orange,coupe
train/068.jpg,432,286,489,315,license-plate,silver,ute
train/068.jpg,150,86,534,365,car,silver,ute
train/069.jpg,89,269,147,308,license-plate,black,convertible
train/069.jpg,20,90,498,344,car,black,convertible
train/070.jpg,120,263,157,286,license-plate,silver,ute
train/070.jpg,99,112,528,368,car,silver,ute
train/071.jpg,502,308,542,344,license-plate,black,ute
train/071.jpg,78,110,576,430,car,black,ute
train/072.jpg,532,260,571,290,license-plate,black,ute
train/072.jpg,25,61,622,388,car,black,ute
train/073.jpg,216,212,293,235,license-plate,black,4x4
train/073.jpg,99,0,423,294,car,black,4x4
train/074.jpg,368,223,418,253,license-plate,silver,station-wagon
train/074.jpg,71,27,447,289,car,silver,station-wagon
train/075.jpg,63,270,128,294,license-plate,red,4x4
train/075.jpg,4,67,404,347,car,red,4x4
train/076.jpg,360,216,404,245,license-plate,red,4x4
train/076.jpg,48,38,442,287,car,red,4x4
train/077.jpg,190,309,304,332,license-plate,black,sedan
train/077.jpg,28,0,470,361,car,black,sedan
train/078.jpg,68,245,108,288,license-plate,blue,sedan
train/078.jpg,35,84,486,335,car,blue,sedan
train/079.jpg,35,240,73,274,license-plate,black,sedan
train/079.jpg,16,115,560,399,car,black,sedan
train/080.jpg,196,264,269,283,license-plate,white,sedan
train/080.jpg,74,19,391,332,car,white,sedan
train/081.jpg,397,230,456,260,license-plate,white,sedan
train/081.jpg,12,28,504,305,car,white,sedan
train/082.jpg,390,164,430,189,license-plate,black,sedan
train/082.jpg,111,75,482,267,car,black,sedan
train/083.jpg,370,288,425,332,license-plate,white,sedan
train/083.jpg,0,0,478,369,car,white,sedan
train/084.jpg,195,344,268,366,license-plate,silver,hatchback
train/084.jpg,87,115,389,381,car,silver,hatchback
train/085.jpg,177,241,250,264,license-plate,silver,hatchback
train/085.jpg,56,5,358,275,car,silver,hatchback
train/086.jpg,327,276,371,308,license-plate,white,van
train/086.jpg,61,71,422,350,car,white,van
train/087.jpg,185,319,295,351,license-plate,silver,hatchback
train/087.jpg,20,37,452,381,car,silver,hatchback
train/088.jpg,155,244,207,266,license-plate,white,van
train/088.jpg,86,29,346,274,car,white,van
train/089.jpg,122,247,182,277,license-plate,blue,hatchback
train/089.jpg,52,27,417,298,car,blue,hatchback
train/090.jpg,210,278,290,304,license-plate,blue,van
train/090.jpg,89,34,417,320,car,blue,van
train/091.jpg,338,199,364,218,license-plate,silver,hatchback
train/091.jpg,85,87,382,253,car,silver,hatchback
train/092.jpg,177,345,248,376,license-plate,red,ute
train/092.jpg,26,82,348,375,car,red,ute
train/093.jpg,406,263,466,313,license-plate,blue,coupe
train/093.jpg,20,41,507,344,car,blue,coupe
train/094.jpg,226,210,264,223,license-plate,white,ute
train/094.jpg,106,97,343,249,car,white,ute
train/095.jpg,255,235,322,258,license-plate,black,convertible
train/095.jpg,139,66,412,278,car,black,convertible
train/096.jpg,439,305,488,341,license-plate,white,van
train/096.jpg,92,54,539,374,car,white,van
train/097.jpg,375,280,407,307,license-plate,green,coupe
train/097.jpg,97,157,432,335,car,green,coupe
train/098.jpg,62,224,114,259,license-plate,black,suv
train/098.jpg,31,25,476,321,car,black,suv
train/099.jpg,109,290,249,349,license-plate,black,coupe
train/099.jpg,0,0,508,381,car,black,coupe
train/100.jpg,241,229,357,274,license-plate,black,suv
train/100.jpg,20,0,508,312,car,black,suv
train/101.jpg,211,299,303,330,license-plate,silver,suv
train/101.jpg,71,134,448,381,car,silver,suv
train/102.jpg,52,255,114,304,license-plate,white,suv
train/102.jpg,7,22,464,355,car,white,suv
train/103.jpg,405,197,437,218,license-plate,silver,suv
train/103.jpg,44,57,453,288,car,silver,suv
train/104.jpg,519,328,575,378,license-plate,black,suv
train/104.jpg,96,74,612,457,car,black,suv
train/105.jpg,380,259,421,285,license-plate,purple,4x4
train/105.jpg,35,82,459,349,car,purple,4x4
train/106.jpg,409,264,459,298,license-plate,cream,station-wagon
train/106.jpg,0,35,496,348,car,cream,station-wagon
train/107.jpg,354,173,431,218,license-plate,white,station-wagon
train/107.jpg,34,12,508,342,car,white,station-wagon
train/108.jpg,75,228,114,268,license-plate,black,station-wagon
train/108.jpg,49,58,450,328,car,black,station-wagon
train/109.jpg,176,256,222,280,license-plate,blue,sedan
train/109.jpg,154,133,602,346,car,blue,sedan
train/110.jpg,160,302,269,352,license-plate,black,sedan
train/110.jpg,51,60,504,391,car,black,sedan
train/111.jpg,358,229,402,261,license-plate,black,sedan
train/111.jpg,96,73,441,301,car,black,sedan
train/112.jpg,219,249,305,275,license-plate,black,sedan
train/112.jpg,56,67,460,345,car,black,sedan
train/113.jpg,104,214,132,242,license-plate,silver,sedan
train/113.jpg,84,80,453,279,car,silver,sedan
train/114.jpg,273,304,362,331,license-plate,silver,sedan
train/114.jpg,60,48,471,378,car,silver,sedan
train/115.jpg,116,268,178,298,license-plate,yellow,hatchback
train/115.jpg,66,48,422,343,car,yellow,hatchback
train/116.jpg,187,287,303,320,license-plate,cream,hatchback
train/116.jpg,9,0,495,364,car,cream,hatchback
train/117.jpg,349,257,387,283,license-plate,white,van
train/117.jpg,113,76,436,303,car,white,van
train/118.jpg,209,283,333,313,license-plate,black,hatchback
train/118.jpg,64,111,450,371,car,black,hatchback
train/119.jpg,546,295,586,330,license-plate,red,suv
train/119.jpg,37,72,630,412,car,red,suv
train/120.jpg,201,351,297,381,license-plate,blue,hatchback
train/120.jpg,70,90,429,381,car,blue,hatchback
train/121.jpg,427,324,477,361,license-plate,grey,ute
train/121.jpg,18,56,508,381,car,grey,ute
train/122.jpg,332,230,394,262,license-plate,silver,hatchback
train/122.jpg,52,79,453,314,car,silver,hatchback
train/123.jpg,78,235,125,270,license-plate,white,ute
train/123.jpg,18,48,489,379,car,white,ute
train/124.jpg,516,299,565,335,license-plate,silver,coupe
train/124.jpg,52,77,600,393,car,silver,coupe
train/125.jpg,145,238,200,264,license-plate,white,ute
train/125.jpg,48,45,440,323,car,white,ute
train/126.jpg,188,273,264,305,license-plate,silver,convertible
train/126.jpg,92,55,437,325,car,silver,convertible
train/127.jpg,562,335,596,384,license-plate,white,van
train/127.jpg,51,7,618,419,car,white,van
train/128.jpg,384,259,421,278,license-plate,red,coupe
train/128.jpg,59,143,459,313,car,red,coupe
train/129.jpg,394,246,440,271,license-plate,white,suv
train/129.jpg,33,93,476,358,car,white,suv
train/130.jpg,49,234,93,264,license-plate,blue,coupe
train/130.jpg,12,83,502,335,car,blue,coupe
train/131.jpg,309,300,377,339,license-plate,silver,people-mover
train/131.jpg,57,37,458,380,car,silver,people-mover
train/132.jpg,217,250,295,273,license-plate,blue,suv
train/132.jpg,82,87,439,381,car,blue,suv
train/133.jpg,79,286,125,319,license-plate,white,people-mover
train/133.jpg,31,65,455,357,car,white,people-mover
train/134.jpg,205,258,292,287,license-plate,white,suv
train/134.jpg,41,28,457,367,car,white,suv
train/135.jpg,523,277,563,323,license-plate,white,suv
train/135.jpg,52,69,582,401,car,white,suv
train/136.jpg,187,304,265,328,license-plate,silver,station-wagon
train/136.jpg,83,94,380,355,car,silver,station-wagon
train/137.jpg,221,237,297,262,license-plate,blue,suv
train/137.jpg,94,76,412,327,car,blue,suv
train/138.jpg,524,285,575,342,license-plate,red,suv
train/138.jpg,45,54,594,440,car,red,suv
train/139.jpg,300,270,342,289,license-plate,silver,station-wagon
train/139.jpg,119,107,389,311,car,silver,station-wagon
train/140.jpg,394,230,432,265,license-plate,white,sedan
train/140.jpg,51,62,457,318,car,white,sedan
train/141.jpg,142,266,237,300,license-plate,black,sedan
train/141.jpg,31,19,422,348,car,black,sedan
train/142.jpg,8,282,72,331,license-plate,green,sedan
train/142.jpg,0,32,452,360,car,green,sedan
train/143.jpg,87,235,147,262,license-plate,silver,sedan
train/143.jpg,16,68,406,295,car,silver,sedan
train/144.jpg,235,251,298,270,license-plate,white,sedan
train/144.jpg,134,61,414,296,car,white,sedan
train/145.jpg,200,283,295,309,license-plate,purple,sedan
train/145.jpg,47,25,445,326,car,purple,sedan
train/146.jpg,392,237,437,281,license-plate,grey,hatchback
train/146.jpg,19,56,475,342,car,grey,hatchback
train/147.jpg,70,312,122,351,license-plate,purple,suv
train/147.jpg,25,66,547,443,car,purple,suv
train/148.jpg,314,271,365,303,license-plate,white,hatchback
train/148.jpg,60,89,397,339,car,white,hatchback
train/149.jpg,510,328,564,370,license-plate,silver,suv
train/149.jpg,43,67,611,458,car,silver,suv
train/150.jpg,464,282,514,323,license-plate,white,hatchback
train/150.jpg,63,72,542,391,car,white,hatchback
train/151.jpg,522,353,567,392,license-plate,silver,hatchback
train/151.jpg,63,145,593,446,car,silver,hatchback
train/152.jpg,197,269,293,301,license-plate,grey,hatchback
train/152.jpg,55,43,445,359,car,grey,hatchback
train/153.jpg,309,172,351,190,license-plate,blue,ute
train/153.jpg,81,63,409,283,car,blue,ute
train/154.jpg,313,182,383,210,license-plate,green,hatchback
train/154.jpg,57,38,470,324,car,green,hatchback
train/155.jpg,408,218,454,249,license-plate,black,coupe
train/155.jpg,73,80,501,287,car,black,coupe
train/156.jpg,518,328,558,364,license-plate,white,people-mover
train/156.jpg,57,64,586,444,car,white,people-mover
train/157.jpg,148,357,200,389,license-plate,white,coupe
train/157.jpg,113,204,520,435,car,white,coupe
train/158.jpg,67,198,103,230,license-plate,silver,convertible
train/158.jpg,34,77,462,327,car,silver,convertible
train/159.jpg,219,209,278,228,license-plate,blue,suv
train/159.jpg,120,18,487,253,car,blue,suv
train/160.jpg,477,333,541,360,license-plate,black,hatchback
train/160.jpg,46,158,600,458,car,black,hatchback
train/161.jpg,528,223,558,255,license-plate,black,ute
train/161.jpg,61,69,570,325,car,black,ute
train/162.jpg,187,255,298,292,license-plate,red,coupe
train/162.jpg,18,10,465,308,car,red,coupe
train/163.jpg,33,236,92,261,license-plate,blue,suv
train/163.jpg,0,82,436,349,car,blue,suv
train/164.jpg,236,216,349,250,license-plate,grey,suv
train/164.jpg,60,4,508,381,car,grey,suv
train/165.jpg,278,256,347,293,license-plate,white,people-mover
train/165.jpg,29,13,437,347,car,white,people-mover
train/166.jpg,167,311,285,343,license-plate,white,suv
train/166.jpg,0,19,462,378,car,white,suv
train/167.jpg,192,261,283,291,license-plate,black,4x4
train/167.jpg,55,25,421,337,car,black,4x4
train/168.jpg,88,201,137,240,license-plate,green,4x4
train/168.jpg,33,16,453,324,car,green,4x4
train/169.jpg,540,308,593,363,license-plate,black,suv
train/169.jpg,6,22,627,440,car,black,suv
train/170.jpg,539,311,575,345,license-plate,black,suv
train/170.jpg,88,146,579,426,car,black,suv
train/171.jpg,201,262,300,292,license-plate,silver,sedan
train/171.jpg,57,48,454,315,car,silver,sedan
train/172.jpg,504,363,550,387,license-plate,silver,sedan
train/172.jpg,44,210,590,449,car,silver,sedan
train/173.jpg,188,314,302,348,license-plate,blue,hatchback
train/173.jpg,35,25,455,381,car,blue,hatchback
train/174.jpg,464,280,504,306,license-plate,cream,sedan
train/174.jpg,66,144,569,366,car,cream,sedan
train/175.jpg,397,258,431,293,license-plate,black,sedan
train/175.jpg,46,94,465,326,car,black,sedan
train/176.jpg,364,193,397,210,license-plate,red,sedan
train/176.jpg,101,95,430,243,car,red,sedan
train/177.jpg,187,263,280,288,license-plate,silver,sedan
train/177.jpg,65,0,423,313,car,silver,sedan
train/178.jpg,37,330,95,381,license-plate,blue,hatchback
train/178.jpg,7,79,508,381,car,blue,hatchback
train/179.jpg,378,302,423,336,license-plate,black,van
train/179.jpg,25,71,475,381,car,black,van
train/180.jpg,306,237,360,265,license-plate,black,hatchback
train/180.jpg,41,44,418,326,car,black,hatchback
train/181.jpg,496,299,553,323,license-plate,brown,station-wagon
train/181.jpg,13,94,619,394,car,brown,station-wagon
train/182.jpg,56,206,75,231,license-plate,black,hatchback
train/182.jpg,56,79,433,270,car,black,hatchback
train/183.jpg,204,215,281,238,license-plate,green,ute
train/183.jpg,95,26,413,280,car,green,ute
train/184.jpg,492,304,545,350,license-plate,silver,hatchback
train/184.jpg,32,51,573,429,car,silver,hatchback
train/185.jpg,192,286,243,302,license-plate,black,ute
train/185.jpg,129,111,378,321,car,black,ute
train/186.jpg,500,331,553,370,license-plate,blue,hatchback
train/186.jpg,48,81,591,447,car,blue,hatchback
train/187.jpg,292,230,340,253,license-plate,grey,ute
train/187.jpg,68,50,391,286,car,grey,ute
train/188.jpg,179,256,270,284,license-plate,grey,sedan
train/188.jpg,30,51,425,358,car,grey,sedan
train/189.jpg,298,255,353,279,license-plate,white,ute
train/189.jpg,51,70,452,329,car,white,ute
train/190.jpg,19,261,70,299,license-plate,red,convertible
train/190.jpg,0,44,489,355,car,red,convertible
train/191.jpg,116,232,160,255,license-plate,black,station-wagon
train/191.jpg,67,84,425,292,car,black,station-wagon
train/192.jpg,357,226,395,247,license-plate,white,coupe
train/192.jpg,98,149,448,310,car,white,coupe
train/193.jpg,457,302,512,322,license-plate,white,ute
train/193.jpg,32,117,608,393,car,white,ute
train/194.jpg,516,299,565,335,license-plate,silver,coupe
train/194.jpg,53,76,599,398,car,silver,coupe
train/195.jpg,88,268,125,285,license-plate,blue,suv
train/195.jpg,53,137,370,322,car,blue,suv
train/196.jpg,332,219,389,237,license-plate,white,suv
train/196.jpg,101,9,484,310,car,white,suv
train/197.jpg,59,244,103,272,license-plate,black,suv
train/197.jpg,26,63,378,297,car,black,suv
train/198.jpg,173,260,264,288,license-plate,white,suv
train/198.jpg,32,9,421,329,car,white,suv
train/199.jpg,130,185,173,208,license-plate,white,sedan
train/199.jpg,98,68,413,236,car,white,sedan
train/200.jpg,388,243,440,281,license-plate,silver,station-wagon
train/200.jpg,10,38,480,342,car,silver,station-wagon
train/201.jpg,430,247,477,273,license-plate,silver,suv
train/201.jpg,125,73,511,329,car,silver,suv
train/202.jpg,229,275,292,292,license-plate,silver,4x4
train/202.jpg,117,72,405,331,car,silver,4x4
train/203.jpg,356,192,399,219,license-plate,grey,station-wagon
train/203.jpg,38,76,452,319,car,grey,station-wagon
train/204.jpg,202,221,310,255,license-plate,black,sedan
train/204.jpg,41,101,492,379,car,black,sedan
train/205.jpg,48,295,105,327,license-plate,gold,sedan
train/205.jpg,4,59,506,374,car,gold,sedan
train/206.jpg,502,235,531,267,license-plate,red,sedan
train/206.jpg,60,98,541,340,car,red,sedan
train/207.jpg,408,292,443,309,license-plate,blue,sedan
train/207.jpg,29,174,469,362,car,blue,sedan
train/208.jpg,457,212,495,257,license-plate,blue,coupe
train/208.jpg,37,90,508,344,car,blue,coupe
train/209.jpg,63,232,96,253,license-plate,silver,sedan
train/209.jpg,10,152,460,336,car,silver,sedan
train/210.jpg,127,302,180,332,license-plate,white,hatchback
train/210.jpg,86,110,544,387,car,white,hatchback
train/211.jpg,45,322,93,378,license-plate,red,4x4
train/211.jpg,12,31,594,463,car,red,4x4
train/212.jpg,214,217,297,242,license-plate,silver,hatchback
train/212.jpg,77,54,430,342,car,silver,hatchback
train/213.jpg,225,293,315,329,license-plate,white,ute
train/213.jpg,11,4,486,351,car,white,ute
train/214.jpg,279,285,352,322,license-plate,grey,hatchback
train/214.jpg,22,28,417,358,car,grey,hatchback
train/215.jpg,110,179,145,197,license-plate,blue,ute
train/215.jpg,76,39,447,282,car,blue,ute
train/216.jpg,245,202,306,222,license-plate,white,hatchback
train/216.jpg,153,87,408,305,car,white,hatchback
train/217.jpg,397,230,445,270,license-plate,white,ute
train/217.jpg,38,51,479,359,car,white,ute
train/218.jpg,228,264,307,286,license-plate,red,hatchback
train/218.jpg,96,13,417,310,car,red,hatchback
train/219.jpg,81,314,129,355,license-plate,white,people-mover
train/219.jpg,41,45,546,407,car,white,people-mover
train/220.jpg,522,318,561,357,license-plate,black,coupe
train/220.jpg,34,73,595,407,car,black,coupe
train/221.jpg,69,251,110,277,license-plate,green,ute
train/221.jpg,21,96,483,324,car,green,ute
train/222.jpg,30,248,67,274,license-plate,silver,convertible
train/222.jpg,19,94,476,306,car,silver,convertible
train/223.jpg,218,245,300,268,license-plate,red,4x4
train/223.jpg,70,16,437,339,car,red,4x4
train/224.jpg,204,267,322,300,license-plate,grey,coupe
train/224.jpg,0,0,505,332,car,grey,coupe
train/225.jpg,514,276,563,296,license-plate,grey,ute
train/225.jpg,21,82,614,414,car,grey,ute
train/226.jpg,556,294,597,331,license-plate,black,coupe
train/226.jpg,41,95,611,405,car,black,coupe
train/227.jpg,220,306,314,329,license-plate,blue,suv
train/227.jpg,74,31,456,343,car,blue,suv
train/228.jpg,208,270,259,285,license-plate,silver,people-mover
train/228.jpg,116,91,349,317,car,silver,people-mover
train/229.jpg,69,273,120,325,license-plate,grey,station-wagon
train/229.jpg,42,25,459,377,car,grey,station-wagon
train/230.jpg,454,251,498,269,license-plate,blue,ute
train/230.jpg,158,139,534,368,car,blue,ute
train/231.jpg,554,312,607,369,license-plate,silver,suv
train/231.jpg,22,33,622,465,car,silver,suv
train/232.jpg,514,302,576,343,license-plate,white,suv
train/232.jpg,30,61,621,415,car,white,suv
train/233.jpg,343,190,372,207,license-plate,silver,station-wagon
train/233.jpg,74,109,415,315,car,silver,station-wagon
train/234.jpg,180,251,240,267,license-plate,purple,4x4
train/234.jpg,86,67,363,301,car,purple,4x4
train/235.jpg,337,196,380,222,license-plate,silver,station-wagon
train/235.jpg,44,78,423,312,car,silver,station-wagon
train/236.jpg,356,253,420,287,license-plate,red,sedan
train/236.jpg,46,46,486,317,car,red,sedan
train/237.jpg,124,239,178,258,license-plate,black,sedan
train/237.jpg,76,112,416,297,car,black,sedan
train/238.jpg,236,195,325,226,license-plate,blue,sedan
train/238.jpg,112,66,468,356,car,blue,sedan
train/239.jpg,497,337,553,361,license-plate,grey,sedan
train/239.jpg,35,168,608,430,car,grey,sedan
train/240.jpg,422,278,463,309,license-plate,blue,sedan
train/240.jpg,46,101,487,355,car,blue,sedan
train/241.jpg,422,214,457,244,license-plate,silver,sedan
train/241.jpg,50,82,478,310,car,silver,sedan
train/242.jpg,119,217,157,244,license-plate,silver,hatchback
train/242.jpg,93,66,447,285,car,silver,hatchback
train/243.jpg,50,289,93,326,license-plate,gold,suv
train/243.jpg,28,76,611,411,car,gold,suv
train/244.jpg,416,247,463,267,license-plate,black,hatchback
train/244.jpg,14,118,496,332,car,black,hatchback
train/245.jpg,205,309,279,334,license-plate,white,people-mover
train/245.jpg,63,16,418,370,car,white,people-mover
train/246.jpg,413,253,466,285,license-plate,silver,hatchback
train/246.jpg,25,43,508,341,car,silver,hatchback
train/247.jpg,460,318,517,354,license-plate,black,suv
train/247.jpg,54,103,555,422,car,black,suv
train/248.jpg,343,317,439,366,license-plate,silver,hatchback
train/248.jpg,27,1,507,381,car,silver,hatchback
train/249.jpg,358,246,408,274,license-plate,grey,ute
train/249.jpg,49,32,475,296,car,grey,ute
train/250.jpg,84,248,122,273,license-plate,red,coupe
train/250.jpg,61,105,409,310,car,red,coupe
train/251.jpg,252,195,300,214,license-plate,grey,ute
train/251.jpg,155,39,389,246,car,grey,ute
train/252.jpg,544,295,573,330,license-plate,white,coupe
train/252.jpg,42,163,580,415,car,white,coupe
train/253.jpg,296,225,367,250,license-plate,white,ute
train/253.jpg,33,29,463,340,car,white,ute
train/254.jpg,309,328,376,365,license-plate,silver,station-wagon
train/254.jpg,123,113,445,379,car,silver,station-wagon
train/255.jpg,229,296,320,325,license-plate,black,coupe
train/255.jpg,79,2,444,330,car,black,coupe
train/256.jpg,47,353,82,380,license-plate,grey,ute
train/256.jpg,22,166,463,432,car,grey,ute
train/257.jpg,263,282,393,325,license-plate,white,coupe
train/257.jpg,15,102,628,426,car,white,coupe
train/258.jpg,541,286,583,331,license-plate,red,ute
train/258.jpg,7,33,629,438,car,red,ute
train/259.jpg,225,258,312,281,license-plate,red,suv
train/259.jpg,101,15,460,324,car,red,suv
train/260.jpg,208,239,286,263,license-plate,black,4x4
train/260.jpg,64,53,425,343,car,black,4x4
train/261.jpg,485,307,533,342,license-plate,white,ute
train/261.jpg,55,86,575,419,car,white,ute
train/262.jpg,134,252,209,281,license-plate,red,suv
train/262.jpg,37,54,394,343,car,red,suv
train/263.jpg,197,264,250,279,license-plate,white,people-mover
train/263.jpg,101,89,350,313,car,white,people-mover
train/264.jpg,68,236,96,266,license-plate,silver,suv
train/264.jpg,48,60,447,306,car,silver,suv
train/265.jpg,215,267,301,294,license-plate,silver,sedan
train/265.jpg,56,64,460,353,car,silver,sedan
train/266.jpg,214,155,303,184,license-plate,grey,suv
train/266.jpg,65,0,453,301,car,grey,suv
train/267.jpg,535,347,579,381,license-plate,red,sedan
train/267.jpg,31,147,610,432,car,red,sedan
train/268.jpg,205,278,279,298,license-plate,grey,sedan
train/268.jpg,97,77,399,322,car,grey,sedan
train/269.jpg,431,313,478,348,license-plate,black,sedan
train/269.jpg,57,90,505,381,car,black,sedan
train/270.jpg,172,181,237,202,license-plate,white,sedan
train/270.jpg,69,65,333,284,car,white,sedan
train/271.jpg,88,238,145,271,license-plate,white,sedan
train/271.jpg,33,42,404,287,car,white,sedan
train/272.jpg,68,214,107,263,license-plate,white,people-mover
train/272.jpg,29,35,616,451,car,white,people-mover
train/273.jpg,413,235,464,272,license-plate,red,hatchback
train/273.jpg,0,35,504,348,car,red,hatchback
train/274.jpg,379,288,413,317,license-plate,white,van
train/274.jpg,66,72,447,350,car,white,van
train/275.jpg,59,263,114,302,license-plate,black,hatchback
train/275.jpg,11,52,480,349,car,black,hatchback
train/276.jpg,338,266,371,290,license-plate,white,van
train/276.jpg,82,61,411,304,car,white,van
train/277.jpg,185,279,330,321,license-plate,white,hatchback
train/277.jpg,3,5,505,378,car,white,hatchback
train/278.jpg,369,210,417,234,license-plate,silver,ute
train/278.jpg,87,54,466,279,car,silver,ute
train/279.jpg,389,260,449,305,license-plate,black,hatchback
train/279.jpg,14,17,507,356,car,black,hatchback
train/280.jpg,492,344,541,367,license-plate,white,van
train/280.jpg,44,57,607,416,car,white,van
train/281.jpg,427,240,473,269,license-plate,white,coupe
train/281.jpg,4,96,501,318,car,white,coupe
train/282.jpg,207,298,283,322,license-plate,white,ute
train/282.jpg,72,53,421,365,car,white,ute
train/283.jpg,36,218,100,262,license-plate,red,coupe
train/283.jpg,12,28,479,326,car,red,coupe
train/284.jpg,179,265,261,290,license-plate,white,ute
train/284.jpg,24,47,391,329,car,white,ute
train/285.jpg,386,257,450,298,license-plate,black,convertible
train/285.jpg,12,68,490,365,car,black,convertible
train/286.jpg,48,304,132,351,license-plate,black,station-wagon
train/286.jpg,0,8,497,372,car,black,station-wagon
train/287.jpg,405,264,467,312,license-plate,blue,coupe
train/287.jpg,22,42,508,343,car,blue,coupe
train/288.jpg,390,172,438,201,license-plate,black,suv
train/288.jpg,65,10,472,291,car,black,suv
train/289.jpg,509,333,589,408,license-plate,red,convertible
train/289.jpg,53,15,627,462,car,red,convertible
train/290.jpg,499,275,541,306,license-plate,red,ute
train/290.jpg,97,94,562,391,car,red,ute
train/291.jpg,225,332,306,370,license-plate,silver,suv
train/291.jpg,33,81,497,381,car,silver,suv
train/292.jpg,173,301,267,332,license-plate,grey,people-mover
train/292.jpg,69,69,481,381,car,grey,people-mover
train/293.jpg,560,275,591,320,license-plate,white,ute
train/293.jpg,30,57,605,419,car,white,ute
train/294.jpg,131,234,173,256,license-plate,silver,station-wagon
train/294.jpg,94,112,421,306,car,silver,station-wagon
train/295.jpg,124,264,169,294,license-plate,red,4x4
train/295.jpg,76,90,451,358,car,red,4x4
train/296.jpg,198,278,258,296,license-plate,blue,4x4
train/296.jpg,98,120,366,341,car,blue,4x4
train/297.jpg,393,263,449,308,license-plate,white,station-wagon
train/297.jpg,25,28,489,367,car,white,station-wagon
train/298.jpg,314,245,388,272,license-plate,blue,sedan
train/298.jpg,67,66,485,314,car,blue,sedan
train/299.jpg,514,329,570,363,license-plate,silver,sedan
train/299.jpg,44,98,620,425,car,silver,sedan
train/300.jpg,344,292,405,321,license-plate,white,sedan
train/300.jpg,98,58,456,365,car,white,sedan
train/301.jpg,201,220,277,247,license-plate,white,suv
train/301.jpg,96,0,447,293,car,white,suv
train/302.jpg,381,219,422,238,license-plate,silver,hatchback
train/302.jpg,90,56,498,275,car,silver,hatchback
train/303.jpg,213,271,315,306,license-plate,black,coupe
train/303.jpg,60,0,452,310,car,black,coupe
train/304.jpg,559,324,593,343,license-plate,white,people-mover
train/304.jpg,11,113,628,401,car,white,people-mover
train/305.jpg,48,238,99,281,license-plate,grey,hatchback
train/305.jpg,28,53,474,346,car,grey,hatchback
train/306.jpg,107,220,156,247,license-plate,grey,van
train/306.jpg,61,10,455,302,car,grey,van
train/307.jpg,72,260,100,281,license-plate,white,hatchback
train/307.jpg,49,157,393,326,car,white,hatchback
train/308.jpg,529,332,599,394,license-plate,white,station-wagon
train/308.jpg,20,39,618,467,car,white,station-wagon
train/309.jpg,194,149,259,175,license-plate,silver,hatchback
train/309.jpg,125,0,455,221,car,silver,hatchback
train/310.jpg,202,240,259,258,license-plate,grey,ute
train/310.jpg,106,51,354,311,car,grey,ute
train/311.jpg,417,244,464,270,license-plate,grey,hatchback
train/311.jpg,52,104,496,340,car,grey,hatchback
train/312.jpg,525,285,568,320,license-plate,orange,coupe
train/312.jpg,56,79,590,381,car,orange,coupe
train/313.jpg,371,246,434,276,license-plate,black,ute
train/313.jpg,52,0,497,327,car,black,ute
train/314.jpg,138,155,213,200,license-plate,black,coupe
train/314.jpg,63,11,502,348,car,black,coupe
train/315.jpg,60,309,96,338,license-plate,white,van
train/315.jpg,33,86,537,404,car,white,van
train/316.jpg,546,302,597,346,license-plate,red,ute
train/316.jpg,89,31,630,418,car,red,ute
train/317.jpg,208,187,298,215,license-plate,green,4x4
train/317.jpg,28,0,466,304,car,green,4x4
train/318.jpg,93,225,141,250,license-plate,white,4x4
train/318.jpg,15,13,461,288,car,white,4x4
train/319.jpg,468,254,504,277,license-plate,white,ute
train/319.jpg,110,105,528,357,car,white,ute
train/320.jpg,131,282,172,304,license-plate,white,ute
train/320.jpg,103,145,528,389,car,white,ute
train/321.jpg,120,179,201,215,license-plate,blue,suv
train/321.jpg,28,0,508,363,car,blue,suv
train/322.jpg,535,270,582,293,license-plate,white,suv
train/322.jpg,8,83,627,399,car,white,suv
train/323.jpg,525,288,575,310,license-plate,white,suv
train/323.jpg,14,90,629,392,car,white,suv
train/324.jpg,153,269,198,293,license-plate,blue,suv
train/324.jpg,125,136,531,378,car,blue,suv
train/325.jpg,376,280,416,297,license-plate,black,suv
train/325.jpg,95,123,462,332,car,black,suv
train/326.jpg,193,260,301,291,license-plate,silver,sedan
train/326.jpg,43,43,452,325,car,silver,sedan
train/327.jpg,32,242,76,281,license-plate,silver,hatchback
train/327.jpg,17,41,427,327,car,silver,hatchback
train/328.jpg,420,252,453,277,license-plate,silver,sedan
train/328.jpg,44,82,488,310,car,silver,sedan
train/329.jpg,136,207,186,235,license-plate,red,sedan
train/329.jpg,76,34,439,262,car,red,sedan
train/330.jpg,232,216,304,239,license-plate,black,sedan
train/330.jpg,61,28,395,276,car,black,sedan
train/331.jpg,391,231,438,248,license-plate,white,sedan
train/331.jpg,149,106,497,288,car,white,sedan
train/332.jpg,61,256,111,283,license-plate,silver,sedan
train/332.jpg,10,96,502,331,car,silver,sedan
train/333.jpg,412,192,469,233,license-plate,grey,hatchback
train/333.jpg,8,37,494,311,car,grey,hatchback
train/334.jpg,181,194,311,241,license-plate,blue,coupe
train/334.jpg,29,32,481,312,car,blue,coupe
train/335.jpg,201,287,262,309,license-plate,white,van
train/335.jpg,108,76,376,322,car,white,van
train/336.jpg,30,248,73,270,license-plate,red,hatchback
train/336.jpg,0,99,508,328,car,red,hatchback
train/337.jpg,318,164,348,184,license-plate,white,van
train/337.jpg,89,44,393,266,car,white,van
train/338.jpg,201,195,299,223,license-plate,grey,hatchback
train/338.jpg,46,0,474,381,car,grey,hatchback
train/339.jpg,381,216,407,237,license-plate,white,ute
train/339.jpg,29,70,433,296,car,white,ute
train/340.jpg,90,230,142,254,license-plate,red,hatchback
train/340.jpg,30,60,456,301,car,red,hatchback
train/341.jpg,200,343,284,364,license-plate,grey,ute
train/341.jpg,71,31,415,373,car,grey,ute
train/342.jpg,410,196,454,218,license-plate,red,coupe
train/342.jpg,0,73,478,273,car,red,coupe
train/343.jpg,190,206,230,224,license-plate,yellow,4x4
train/343.jpg,121,51,395,263,car,yellow,4x4
train/344.jpg,296,295,385,331,license-plate,black,coupe
train/344.jpg,0,13,483,381,car,black,coupe
train/345.jpg,197,272,276,296,license-plate,black,ute
train/345.jpg,63,57,405,339,car,black,ute
train/346.jpg,519,324,574,386,license-plate,red,hatchback
train/346.jpg,42,7,598,445,car,red,hatchback
train/347.jpg,301,206,367,232,license-plate,silver,ute
train/347.jpg,59,36,446,331,car,silver,ute
train/348.jpg,164,266,321,317,license-plate,white,coupe
train/348.jpg,28,56,496,355,car,white,coupe
train/349.jpg,565,284,601,311,license-plate,white,ute
train/349.jpg,8,89,632,401,car,white,ute
train/350.jpg,1,222,61,264,license-plate,grey,convertible
train/350.jpg,0,16,423,307,car,grey,convertible
train/351.jpg,126,295,215,347,license-plate,grey,ute
train/351.jpg,13,30,622,461,car,grey,ute
train/352.jpg,528,269,561,298,license-plate,silver,ute
train/352.jpg,56,149,573,429,car,silver,ute
train/353.jpg,132,107,201,131,license-plate,grey,4x4
train/353.jpg,19,0,363,232,car,grey,4x4
train/354.jpg,288,209,340,230,license-plate,black,sedan
train/354.jpg,145,108,402,264,car,black,sedan
train/355.jpg,123,261,170,290,license-plate,blue,people-mover
train/355.jpg,92,67,398,316,car,blue,people-mover
