train/000.jpg,552,320,607,300,606,330,552,351,license-plate,black,hatchback,LDF419
train/001.jpg,259,210,314,209,312,226,258,227,license-plate,black,station-wagon,GQG615
train/002.jpg,380,213,421,208,419,224,382,233,license-plate,black,coupe,FFR200
train/003.jpg,561,299,610,275,608,300,560,328,license-plate,red,ute,LUB529
train/004.jpg,408,288,452,264,452,286,408,310,license-plate,black,convertible,MRH515
train/005.jpg,455,304,502,289,503,318,455,333,license-plate,grey,ute,XT5514
train/006.jpg,466,264,500,257,501,274,467,285,license-plate,black,ute,MKU592
train/007.jpg,220,331,319,328,317,354,220,359,license-plate,silver,station-wagon,AYM858
train/008.jpg,73,242,114,252,109,274,70,261,license-plate,white,station-wagon,MLP103
train/009.jpg,512,305,554,282,554,302,512,328,license-plate,black,suv,MRG207
train/010.jpg,42,275,87,280,93,300,46,293,license-plate,blue,4x4,DAL862
train/011.jpg,381,192,434,176,438,203,385,223,license-plate,white,station-wagon,KGT783
train/012.jpg,157,173,232,181,229,210,154,201,license-plate,white,station-wagon,KAG213
train/013.jpg,297,289,375,281,374,305,296,313,license-plate,cream,sedan,DMA184
train/014.jpg,264,332,344,326,340,346,263,352,license-plate,gold,sedan,ZM3275
train/015.jpg,314,185,354,178,354,192,314,199,license-plate,silver,sedan,LYU932
train/016.jpg,31,289,67,305,68,324,30,307,license-plate,silver,sedan,LJK829
train/017.jpg,245,251,315,247,317,269,246,273,license-plate,red,sedan,HTD721
train/018.jpg,233,208,325,208,325,234,234,234,license-plate,silver,sedan,DLY353
train/019.jpg,153,324,298,322,297,365,155,367,license-plate,white,hatchback,HKG127
train/020.jpg,304,279,375,260,372,278,303,300,license-plate,black,hatchback,LRN853
train/021.jpg,234,306,300,307,299,327,236,326,license-plate,white,van,EQT125
train/022.jpg,167,221,263,228,263,257,166,250,license-plate,black,station-wagon,ESK471
train/023.jpg,360,243,407,231,404,252,358,266,license-plate,black,people-mover,CJS281
train/024.jpg,223,262,310,265,311,294,221,293,license-plate,grey,hatchback,MKG699
train/025.jpg,382,220,422,206,422,224,383,237,license-plate,green,ute,BRC164
train/026.jpg,363,264,418,255,412,276,359,288,license-plate,blue,hatchback,MI3780
train/027.jpg,503,339,545,323,546,346,503,362,license-plate,white,van,KAZ936
train/028.jpg,117,237,167,238,168,257,119,257,license-plate,red,sedan,JHF574
train/029.jpg,194,310,245,318,245,337,195,329,license-plate,silver,ute,MPP117
train/030.jpg,96,271,120,281,116,294,93,283,license-plate,red,coupe,LNL409
train/031.jpg,225,269,291,270,290,287,226,287,license-plate,white,ute,LPP212
train/032.jpg,494,336,550,323,549,347,495,361,license-plate,cream,coupe,FGR809
train/033.jpg,15,224,58,234,60,256,16,245,license-plate,black,suv,GAW294
train/034.jpg,397,234,444,226,444,244,397,255,license-plate,white,hatchback,MLP481
train/035.jpg,566,306,603,302,601,320,565,326,license-plate,silver,ute,KFU928
train/036.jpg,386,271,449,257,449,284,385,298,license-plate,black,convertible,MYMX5R
train/037.jpg,555,309,588,305,589,322,555,328,license-plate,grey,ute,JPT472
train/038.jpg,481,291,538,277,536,299,480,316,license-plate,black,ute,LFY573
train/039.jpg,357,218,383,214,384,229,358,234,license-plate,blue,suv,FSG882
train/040.jpg,168,226,236,224,237,244,169,246,license-plate,silver,station-wagon,CPJ401
train/041.jpg,76,261,118,281,118,302,76,280,license-plate,black,station-wagon,GUQ875
train/042.jpg,226,279,304,283,304,305,227,301,license-plate,purple,station-wagon,FKH638
train/043.jpg,266,179,364,177,362,204,265,207,license-plate,green,station-wagon,BWR499
train/044.jpg,110,180,162,189,159,213,107,202,license-plate,white,station-wagon,JFJ31
train/045.jpg,23,195,52,203,52,226,23,218,license-plate,black,sedan,MFE443
train/046.jpg,12,240,52,254,55,279,12,263,license-plate,silver,sedan,GCR809
train/047.jpg,104,280,185,291,185,317,104,308,license-plate,black,sedan,GYJ340
train/048.jpg,385,279,438,271,435,291,382,302,license-plate,silver,sedan,CTQ473
train/049.jpg,215,185,308,185,307,212,217,213,license-plate,red,sedan,PX7787
train/050.jpg,377,276,432,264,431,287,376,301,license-plate,brown,sedan,GRW580
train/051.jpg,52,209,92,231,92,252,51,228,license-plate,red,hatchback,GKL26
train/052.jpg,122,228,160,245,158,263,120,245,license-plate,white,hatchback,EUB289
train/053.jpg,247,277,294,277,294,292,247,292,license-plate,yellow,van,KPU985
train/054.jpg,158,329,303,333,304,374,161,370,license-plate,silver,coupe,EPW410
train/055.jpg,365,262,404,259,401,275,362,281,license-plate,white,van,RB4431
train/056.jpg,194,285,284,287,282,314,195,313,license-plate,grey,hatchback,GQP198
train/057.jpg,88,197,126,203,125,219,88,213,license-plate,white,ute,EPK76
train/058.jpg,393,227,428,216,430,235,396,248,license-plate,silver,hatchback,HWT708
train/059.jpg,393,216,441,205,438,226,390,239,license-plate,blue,ute,FKC121
train/060.jpg,341,226,403,211,400,234,340,253,license-plate,black,coupe,AA0599
train/061.jpg,239,233,303,234,302,253,238,253,license-plate,black,ute,WEREON
train/062.jpg,227,312,308,313,306,336,227,334,license-plate,silver,sedan,HAY709
train/063.jpg,452,410,517,383,515,408,450,438,license-plate,white,van,LQP741
train/064.jpg,89,324,121,338,122,356,89,341,license-plate,white,van,JJJ445
train/065.jpg,545,294,591,267,588,295,542,324,license-plate,silver,hatchback,GCW891
train/066.jpg,114,240,174,249,171,273,110,262,license-plate,black,suv,KLH489
train/067.jpg,211,297,295,296,296,314,211,317,license-plate,orange,coupe,NISIMO
train/068.jpg,433,297,489,286,487,304,432,315,license-plate,silver,ute,MSD932
train/069.jpg,90,269,147,283,146,308,89,293,license-plate,black,convertible,LWQ390
train/070.jpg,120,263,157,268,157,286,121,279,license-plate,silver,ute,MFZ347
train/071.jpg,502,319,542,308,542,330,503,344,license-plate,black,ute,GYG523
train/072.jpg,534,268,571,260,570,281,532,290,license-plate,black,ute,KEC889
train/073.jpg,216,212,293,212,293,234,217,235,license-plate,black,4x4,HUJ715
train/074.jpg,374,232,418,223,412,243,368,253,license-plate,silver,station-wagon,FLA943
train/075.jpg,63,270,125,272,128,294,66,291,license-plate,red,4x4,DFM447
train/076.jpg,360,225,403,216,404,235,361,245,license-plate,red,4x4,DKW817
train/077.jpg,190,310,304,309,303,332,193,332,license-plate,black,sedan,LHT221
train/078.jpg,68,245,104,264,108,288,73,267,license-plate,blue,sedan,NP4533
train/079.jpg,41,240,73,250,68,274,35,262,license-plate,black,sedan,LFA35
train/080.jpg,196,264,268,264,269,282,196,283,license-plate,white,sedan,GHP882
train/081.jpg,397,239,456,230,455,251,397,260,license-plate,white,sedan,KQQ785
train/082.jpg,390,173,426,164,430,180,393,189,license-plate,black,sedan, JAQ652
train/083.jpg,370,312,425,288,424,307,370,332,license-plate,white,sedan,FPP918
train/084.jpg,195,344,268,345,268,366,195,363,license-plate,silver,hatchback,EJJ612
train/085.jpg,177,243,250,241,250,263,178,264,license-plate,silver,hatchback,JBT665
train/086.jpg,329,293,371,276,367,291,327,308,license-plate,white,van,ZD6661
train/087.jpg,185,320,294,319,295,350,185,351,license-plate,silver,hatchback,HFR570
train/088.jpg,155,244,205,250,207,266,156,260,license-plate,white,van,GCF136
train/089.jpg,122,247,182,257,180,277,122,266,license-plate,blue,hatchback,HJB220
train/090.jpg,210,278,290,279,290,304,210,302,license-plate,blue,van,DFY504
train/091.jpg,338,205,363,199,364,210,339,218,license-plate,silver,hatchback,LRZ83
train/092.jpg,177,354,248,345,248,366,177,376,license-plate,red,ute,NG7993
train/093.jpg,406,284,462,263,466,289,410,313,license-plate,blue,coupe,HLC155
train/094.jpg,226,210,264,211,264,223,226,222,license-plate,white,ute,HLMG9
train/095.jpg,255,237,322,235,322,255,255,258,license-plate,black,convertible,BRM326
train/096.jpg,439,320,488,305,487,324,440,341,license-plate,white,van,ALA547
train/097.jpg,375,291,405,280,407,295,378,307,license-plate,green,coupe,EZB572
train/098.jpg,62,224,114,237,113,259,63,246,license-plate,black,suv,HPC864
train/099.jpg,109,290,245,308,249,349,114,329,license-plate,black,coupe,XR7591
train/100.jpg,241,229,357,230,353,274,241,274,license-plate,black,suv,APRL14
train/101.jpg,211,300,302,299,303,330,211,330,license-plate,silver,suv,KTQ331
train/102.jpg,52,255,111,279,114,304,54,279,license-plate,white,suv,MFK750
train/103.jpg,405,202,437,197,436,212,405,218,license-plate,silver,suv,HPS847
train/104.jpg,519,349,574,328,575,354,519,378,license-plate,black,suv,HAA700
train/105.jpg,380,268,421,259,419,275,380,285,license-plate,purple,4x4,ENE51
train/106.jpg,409,274,459,264,458,287,409,298,license-plate,cream,station-wagon,DRN906
train/107.jpg,354,189,428,173,431,199,358,218,license-plate,white,station-wagon,EZQ822
train/108.jpg,75,228,114,246,114,268,76,248,license-plate,black,station-wagon,JWG468
train/109.jpg,176,256,222,258,221,280,176,277,license-plate,blue,sedan,EZG973
train/110.jpg,160,302,269,314,268,352,163,338,license-plate,black,sedan,KRE464
train/111.jpg,358,241,401,229,402,248,359,261,license-plate,black,sedan,BLK666
train/112.jpg,220,249,305,251,305,275,219,274,license-plate,black,sedan,MRC625
train/113.jpg,104,214,132,225,131,242,104,229,license-plate,silver,sedan,KLM297
train/114.jpg,274,304,362,304,359,330,273,331,license-plate,silver,sedan,JGS533
train/115.jpg,116,268,177,275,178,298,116,289,license-plate,yellow,hatchback,HWS781
train/116.jpg,187,287,302,287,303,316,190,320,license-plate,cream,hatchback,GLP351
train/117.jpg,349,266,387,257,386,273,350,283,license-plate,white,van,SF1561
train/118.jpg,209,284,332,283,333,312,209,313,license-plate,black,hatchback,ECP264
train/119.jpg,547,306,586,295,585,317,546,330,license-plate,red,suv,JEL566
train/120.jpg,202,353,297,351,296,380,201,381,license-plate,blue,hatchback,KEG271
train/121.jpg,427,342,477,324,475,342,427,361,license-plate,grey,ute,FCE784
train/122.jpg,332,239,393,230,394,252,332,262,license-plate,silver,hatchback,CYW978
train/123.jpg,78,235,124,244,125,270,78,257,license-plate,white,ute,KSZ471
train/124.jpg,520,315,565,299,561,318,516,335,license-plate,silver,coupe,MMG242
train/125.jpg,147,238,200,244,199,264,145,256,license-plate,white,ute,DJD402
train/126.jpg,188,273,264,282,263,305,189,295,license-plate,silver,convertible,DQZ240
train/127.jpg,562,358,596,335,596,359,562,384,license-plate,white,van,HST702
train/128.jpg,384,262,421,259,420,274,384,278,license-plate,red,coupe,LJU563
train/129.jpg,394,251,439,246,440,264,394,271,license-plate,white,suv,GLE63S
train/130.jpg,51,234,93,243,91,264,49,255,license-plate,blue,coupe,KBY153
train/131.jpg,309,317,375,300,377,322,310,339,license-plate,silver,people-mover,JCZ545
train/132.jpg,217,250,295,251,295,273,218,273,license-plate,blue,suv,EAY284
train/133.jpg,79,286,125,298,125,319,79,305,license-plate,white,people-mover,FMJ643
train/134.jpg,205,258,292,259,291,287,205,287,license-plate,white,suv,MSR328
train/135.jpg,526,302,563,277,562,297,523,323,license-plate,white,suv,MKT260
train/136.jpg,187,304,265,306,264,328,188,326,license-plate,silver,station-wagon,GEH424
train/137.jpg,221,238,297,237,297,262,221,262,license-plate,blue,suv,DZA865
train/138.jpg,524,308,575,285,573,316,524,342,license-plate,red,suv,LUM484
train/139.jpg,300,272,342,270,341,284,300,289,license-plate,silver,station-wagon,FGJ439
train/140.jpg,395,245,432,230,431,247,394,265,license-plate,white,sedan,AED525
train/141.jpg,142,266,237,276,237,300,144,289,license-plate,black,sedan,MDC646
train/142.jpg,8,282,72,301,71,331,12,310,license-plate,green,sedan,FEP726
train/143.jpg,88,235,147,243,147,262,87,253,license-plate,silver,sedan,JBM237
train/144.jpg,235,251,298,252,297,269,236,270,license-plate,white,sedan,LDA721
train/145.jpg,200,283,294,285,295,309,200,306,license-plate,purple,sedan,ZS2095
train/146.jpg,392,257,436,237,437,259,393,281,license-plate,grey,hatchback,019937
train/147.jpg,70,312,118,327,122,351,73,334,license-plate,purple,suv,YS4769
train/148.jpg,314,282,365,271,362,291,315,303,license-plate,white,hatchback,HUB166
train/149.jpg,510,345,564,328,564,351,510,370,license-plate,silver,suv,ETF124
train/150.jpg,465,302,514,282,512,302,464,323,license-plate,white,hatchback,LYQ991
train/151.jpg,524,367,567,353,563,376,522,392,license-plate,silver,hatchback,BMP726
train/152.jpg,197,269,293,271,291,301,197,298,license-plate,grey,hatchback,CQW581
train/153.jpg,309,172,350,172,351,188,310,190,license-plate,blue,ute,LZP244
train/154.jpg,314,186,383,182,383,206,313,210,license-plate,green,hatchback,CPE560
train/155.jpg,408,228,454,218,452,239,408,249,license-plate,black,coupe,FFR200
train/156.jpg,519,342,558,328,555,349,518,364,license-plate,white,people-mover,MMS226
train/157.jpg,148,357,200,367,198,389,148,378,license-plate,white,coupe,JWJ507
train/158.jpg,67,198,103,210,101,230,67,217,license-plate,silver,convertible,ZR3852
train/159.jpg,219,209,278,213,278,228,220,225,license-plate,blue,suv,TH7888
train/160.jpg,477,335,541,333,541,357,478,360,license-plate,black,hatchback,MTA190
train/161.jpg,528,233,556,223,558,242,530,255,license-plate,black,ute, ESG471
train/162.jpg,187,257,298,255,297,288,188,292,license-plate,red,coupe,YX5638
train/163.jpg,34,236,92,239,91,261,33,258,license-plate,blue,suv,JYZ993
train/164.jpg,236,218,349,216,349,249,236,250,license-plate,grey,suv,JGF477
train/165.jpg,278,269,346,256,347,278,278,293,license-plate,white,people-mover,GBC71
train/166.jpg,167,311,285,314,281,343,170,340,license-plate,white,suv,JJM226
train/167.jpg,192,263,282,261,283,289,192,291,license-plate,black,4x4,CGD841
train/168.jpg,88,201,136,217,137,240,88,222,license-plate,green,4x4,AGZ492
train/169.jpg,544,334,593,308,589,335,540,363,license-plate,black,suv,LRS503
train/170.jpg,539,323,573,311,575,332,542,345,license-plate,black,suv,KTB805
train/171.jpg,201,267,300,262,300,289,203,292,license-plate,silver,sedan,KPS630
train/172.jpg,504,367,548,363,550,382,505,387,license-plate,silver,sedan,FPE644
train/173.jpg,188,314,302,318,298,348,188,346,license-plate,blue,hatchback,KSL936
train/174.jpg,468,285,504,280,502,298,464,306,license-plate,cream,sedan,LEC3
train/175.jpg,397,272,431,258,431,278,397,293,license-plate,black,sedan,XF7812
train/176.jpg,364,195,397,193,397,208,364,210,license-plate,red,sedan,GAL780
train/177.jpg,187,263,279,265,280,288,189,284,license-plate,silver,sedan,LSG435
train/178.jpg,37,330,95,351,94,381,39,358,license-plate,blue,hatchback,GWW562
train/179.jpg,378,313,423,302,421,326,378,336,license-plate,black,van,TZ8892
train/180.jpg,306,246,360,237,359,254,306,265,license-plate,black,hatchback,KZU885
train/181.jpg,497,302,553,299,553,319,496,323,license-plate,brown,station-wagon,LEB335
train/182.jpg,56,206,75,214,74,231,56,222,license-plate,black,hatchback, HEL966
train/183.jpg,204,215,281,216,281,238,206,236,license-plate,green,ute,EPY63
train/184.jpg,494,326,545,304,543,326,492,350,license-plate,silver,hatchback,HAY531
train/185.jpg,192,286,243,287,243,302,193,300,license-plate,black,ute,MEN233
train/186.jpg,500,345,553,331,552,352,502,370,license-plate,blue,hatchback,LEL762
train/187.jpg,293,239,340,230,339,244,292,253,license-plate,grey,ute,EPJ532
train/188.jpg,179,257,269,256,270,282,179,284,license-plate,grey,sedan,OJ1668
train/189.jpg,298,260,353,255,353,272,298,279,license-plate,white,ute,CNH729
train/190.jpg,19,261,67,276,70,299,20,283,license-plate,red,convertible,DYY285
train/191.jpg,116,232,160,240,159,255,116,247,license-plate,black,station-wagon,KYK389
train/192.jpg,357,227,393,226,395,242,360,247,license-plate,white,coupe,NQ5729
train/193.jpg,457,302,512,302,511,322,458,322,license-plate,white,ute,ALE139
train/194.jpg,520,316,565,299,561,319,516,335,license-plate,silver,coupe,MMG242
train/195.jpg,88,268,125,272,125,285,89,281,license-plate,blue,suv,KNK952
train/196.jpg,332,219,389,219,389,236,333,237,license-plate,white,suv,JEE53
train/197.jpg,59,244,103,252,101,272,60,263,license-plate,black,suv,EJL993
train/198.jpg,173,260,264,260,262,288,173,287,license-plate,white,suv,EAQ684
train/199.jpg,130,185,173,188,173,208,131,202,license-plate,white,sedan,MTN317
train/200.jpg,388,261,439,243,440,262,390,281,license-plate,silver,station-wagon,GQP744
train/201.jpg,431,254,477,247,475,264,430,273,license-plate,silver,suv,MTD706
train/202.jpg,229,275,292,275,291,292,229,292,license-plate,silver,4x4,DRK312
train/203.jpg,356,199,396,192,399,210,360,219,license-plate,grey,station-wagon,JFL446
train/204.jpg,202,221,310,221,310,255,203,254,license-plate,black,sedan,MQC972
train/205.jpg,48,295,104,305,105,327,49,316,license-plate,gold,sedan,HPE913
train/206.jpg,502,247,529,235,531,254,503,267,license-plate,red,sedan,ELY9
train/207.jpg,408,293,443,292,443,308,409,309,license-plate,blue,sedan,MRC625
train/208.jpg,457,233,491,212,495,233,462,257,license-plate,blue,coupe,GTT133
train/209.jpg,64,232,96,238,94,253,63,247,license-plate,silver,sedan,LZF707
train/210.jpg,127,302,180,310,180,332,127,322,license-plate,white,hatchback,GNT38
train/211.jpg,45,322,93,351,93,378,47,346,license-plate,red,4x4,UT9173
train/212.jpg,215,217,296,218,297,242,214,241,license-plate,silver,hatchback,JWT316
train/213.jpg,225,297,314,293,315,323,227,329,license-plate,white,ute,3084SP
train/214.jpg,279,298,352,285,351,306,279,322,license-plate,grey,hatchback,LZD604
train/215.jpg,110,179,144,183,145,197,110,192,license-plate,blue,ute,MEW56
train/216.jpg,245,202,305,203,306,222,245,221,license-plate,white,hatchback,ELE848
train/217.jpg,399,244,445,230,443,252,397,270,license-plate,white,ute,HSH89
train/218.jpg,228,265,307,264,305,285,229,286,license-plate,red,hatchback,FLH919
train/219.jpg,81,314,129,333,129,355,82,336,license-plate,white,people-mover,HRZ470
train/220.jpg,523,333,561,318,560,339,522,357,license-plate,black,coupe,JYY298
train/221.jpg,69,251,109,258,110,277,71,268,license-plate,green,ute,WJ7578
train/222.jpg,30,248,67,257,67,274,31,265,license-plate,silver,convertible,HRQ366
train/223.jpg,218,246,300,245,300,265,219,268,license-plate,red,4x4,EBW476
train/224.jpg,204,267,322,268,321,300,204,299,license-plate,grey,coupe,JKE304
train/225.jpg,514,278,563,276,562,294,514,296,license-plate,grey,ute,KUD800
train/226.jpg,557,309,597,294,596,315,556,331,license-plate,black,coupe,GJJ115
train/227.jpg,220,306,314,306,313,328,221,329,license-plate,blue,suv,MBD268
train/228.jpg,208,272,259,270,258,283,208,285,license-plate,silver,people-mover,LBZ96
train/229.jpg,69,273,118,305,120,325,69,292,license-plate,grey,station-wagon,GUH814
train/230.jpg,455,252,498,251,498,268,454,269,license-plate,blue,ute,MJK476
train/231.jpg,557,341,607,312,603,338,554,369,license-plate,silver,suv,KFQ511
train/232.jpg,515,314,576,302,572,329,514,343,license-plate,white,suv,JLM656
train/233.jpg,343,193,371,190,372,203,344,207,license-plate,silver,station-wagon,EEA190
train/234.jpg,180,251,240,252,240,267,181,265,license-plate,purple,4x4,CKT213
train/235.jpg,337,202,379,196,380,213,339,222,license-plate,silver,station-wagon,HAM593
train/236.jpg,356,263,419,253,420,275,358,287,license-plate,red,sedan,ENS726
train/237.jpg,124,239,178,241,178,258,124,255,license-plate,black,sedan,LBC947
train/238.jpg,236,198,323,195,325,222,237,226,license-plate,blue,sedan,JPH786
train/239.jpg,497,339,553,337,552,358,497,361,license-plate,grey,sedan,MFZ465
train/240.jpg,422,291,463,278,462,295,422,309,license-plate,blue,sedan,GCQ145
train/241.jpg,422,219,457,214,456,237,422,244,license-plate,silver,sedan,YW2191
train/242.jpg,119,217,156,228,157,244,119,232,license-plate,silver,hatchback,GPF702
train/243.jpg,50,289,92,301,93,326,50,312,license-plate,gold,suv,JGN841
train/244.jpg,416,247,462,247,463,265,418,267,license-plate,black,hatchback,KWG89
train/245.jpg,205,309,278,310,279,334,205,332,license-plate,white,people-mover,GQA890
train/246.jpg,413,262,466,253,466,275,413,285,license-plate,silver,hatchback,CUU762
train/247.jpg,460,330,517,318,517,340,460,354,license-plate,black,suv,MKP974
train/248.jpg,347,335,439,317,436,345,343,366,license-plate,silver,hatchback,KQS64
train/249.jpg,358,252,408,246,406,265,358,274,license-plate,grey,ute,DJT128
train/250.jpg,84,248,120,258,122,273,86,263,license-plate,red,coupe,YF4881
train/251.jpg,252,197,300,195,300,213,253,214,license-plate,grey,ute,JDM129
train/252.jpg,544,306,573,295,572,316,544,330,license-plate,white,coupe,JBA462
train/253.jpg,296,227,367,225,366,249,296,250,license-plate,white,ute,FEJ701
train/254.jpg,310,343,376,328,375,347,309,365,license-plate,silver,station-wagon,FKC741
train/255.jpg,229,303,320,296,320,318,232,325,license-plate,black,coupe,BG 22
train/256.jpg,47,353,81,363,82,380,48,368,license-plate,grey,ute,HGF813
train/257.jpg,263,288,392,282,393,319,265,325,license-plate,white,coupe,KTR78
train/258.jpg,543,304,583,286,581,310,541,331,license-plate,red,ute,DUH688
train/259.jpg,225,258,312,259,312,281,225,281,license-plate,red,suv,EUB706
train/260.jpg,208,239,286,239,286,263,209,263,license-plate,black,4x4,MKY911
train/261.jpg,487,321,533,307,531,326,485,342,license-plate,white,ute,MLQ862
train/262.jpg,135,252,209,257,207,281,134,276,license-plate,red,suv,KMA433
train/263.jpg,197,264,250,264,250,279,197,278,license-plate,white,people-mover,KHF370
train/264.jpg,69,236,96,246,96,266,68,254,license-plate,silver,suv,nan
train/265.jpg,215,267,301,269,301,294,215,292,license-plate,silver,sedan,MRL484
train/266.jpg,214,156,302,155,303,184,216,184,license-plate,grey,suv,KPG723
train/267.jpg,535,358,578,347,579,369,537,381,license-plate,red,sedan,JGM877
train/268.jpg,205,279,279,278,279,297,206,298,license-plate,grey,sedan,KWF203
train/269.jpg,431,328,478,313,477,332,431,348,license-plate,black,sedan,LCS100
train/270.jpg,172,181,237,181,237,201,172,202,license-plate,white,sedan,HNT39
train/271.jpg,88,238,144,250,145,271,90,258,license-plate,white,sedan,XD9042
train/272.jpg,69,214,107,233,106,263,68,239,license-plate,white,people-mover,HDC471
train/273.jpg,413,246,464,235,463,258,414,272,license-plate,red,hatchback,FUB203
train/274.jpg,380,301,413,288,412,304,379,317,license-plate,white,van,KQJ875
train/275.jpg,61,263,114,280,112,302,59,284,license-plate,black,hatchback,GWP367
train/276.jpg,338,274,371,266,371,280,338,290,license-plate,white,van,HKN9
train/277.jpg,185,282,330,279,328,318,188,321,license-plate,white,hatchback,HKL183
train/278.jpg,370,212,417,210,416,231,369,234,license-plate,silver,ute,ELG819
train/279.jpg,389,281,445,260,449,283,394,305,license-plate,black,hatchback,GNA966
train/280.jpg,493,347,541,344,541,363,492,367,license-plate,white,van,HDT937
train/281.jpg,427,246,472,240,473,262,429,269,license-plate,white,coupe,KKT155
train/282.jpg,207,298,283,298,283,321,208,322,license-plate,white,ute,JMG316
train/283.jpg,36,218,98,236,100,262,39,244,license-plate,red,coupe,JET637
train/284.jpg,179,268,261,265,261,286,180,290,license-plate,white,ute,OG6387
train/285.jpg,386,270,450,257,449,283,386,298,license-plate,black,convertible,MYMX5R
train/286.jpg,48,304,130,319,132,351,53,334,license-plate,black,station-wagon,JPQ921
train/287.jpg,405,284,462,264,467,290,410,312,license-plate,blue,coupe,HLC155
train/288.jpg,390,181,438,172,438,190,391,201,license-plate,black,suv,ERS694
train/289.jpg,514,377,589,333,583,362,509,408,license-plate,red,convertible,LKN792
train/290.jpg,499,286,541,275,540,295,499,306,license-plate,red,ute,MNK222
train/291.jpg,226,339,306,332,304,359,225,370,license-plate,silver,suv,CWY386
train/292.jpg,173,301,266,304,267,332,174,328,license-plate,grey,people-mover,KRE627
train/293.jpg,560,294,591,275,591,299,561,320,license-plate,white,ute,JUP944
train/294.jpg,131,234,173,238,172,256,131,250,license-plate,silver,station-wagon,ENH690
train/295.jpg,124,264,169,274,169,294,125,282,license-plate,red,4x4,ALZ119
train/296.jpg,198,278,258,278,258,296,198,294,license-plate,blue,4x4,BCE285
train/297.jpg,395,283,449,263,447,286,393,308,license-plate,white,station-wagon,KMS150
train/298.jpg,317,246,388,245,385,271,314,272,license-plate,blue,sedan,MP3926
train/299.jpg,514,341,570,329,569,351,514,363,license-plate,silver,sedan,CCG730
train/300.jpg,347,304,405,292,403,309,344,321,license-plate,white,sedan,GHF552
train/301.jpg,202,220,277,225,276,247,201,242,license-plate,white,suv,FSN746
train/302.jpg,382,223,422,219,421,232,381,238,license-plate,silver,hatchback,7ITRNA
train/303.jpg,213,273,314,271,315,303,213,306,license-plate,black,coupe,CGT974
train/304.jpg,559,326,593,324,593,340,559,343,license-plate,white,people-mover,JMT215
train/305.jpg,48,238,99,248,99,281,49,267,license-plate,grey,hatchback,HET513
train/306.jpg,107,220,156,223,156,247,107,241,license-plate,grey,van,EUP395
train/307.jpg,74,260,100,267,96,281,72,274,license-plate,white,hatchback,LUE242
train/308.jpg,532,360,599,332,595,364,529,394,license-plate,white,station-wagon,MSA169
train/309.jpg,194,149,259,154,259,175,195,169,license-plate,silver,hatchback,KNF376
train/310.jpg,202,240,259,240,259,258,202,258,license-plate,grey,ute,UM7192
train/311.jpg,417,245,464,244,463,268,417,270,license-plate,grey,hatchback,BLA306
train/312.jpg,528,295,568,285,565,307,525,320,license-plate,orange,coupe,18 V8
train/313.jpg,372,256,434,246,433,265,371,276,license-plate,black,ute,KYH750
train/314.jpg,138,155,213,168,212,200,139,185,license-plate,black,coupe,XR7591
train/315.jpg,60,309,95,319,96,338,61,326,license-plate,white,van,MQC116
train/316.jpg,552,319,597,302,592,326,546,346,license-plate,red,ute,LGG996
train/317.jpg,208,187,298,188,298,215,209,214,license-plate,green,4x4,KSL10
train/318.jpg,93,229,137,225,141,247,98,250,license-plate,white,4x4,PAINDU
train/319.jpg,468,260,504,254,503,270,468,277,license-plate,white,ute,MLW973
train/320.jpg,132,282,172,285,172,304,131,300,license-plate,white,ute,JJT169
train/321.jpg,123,179,201,187,199,215,120,206,license-plate,blue,suv,HPP491
train/322.jpg,535,273,581,270,582,289,536,293,license-plate,white,suv,HWQ541
train/323.jpg,526,290,575,288,575,307,525,310,license-plate,white,suv,FDW628
train/324.jpg,153,269,198,272,198,293,153,289,license-plate,blue,suv,JDU643
train/325.jpg,377,283,416,280,416,293,376,297,license-plate,black,suv,LSK204
train/326.jpg,193,260,301,262,300,291,194,290,license-plate,silver,sedan,LCK609
train/327.jpg,32,242,75,259,76,281,34,262,license-plate,silver,hatchback,GKJ763
train/328.jpg,422,261,453,252,450,267,420,277,license-plate,silver,sedan,FBD286
train/329.jpg,136,207,186,218,185,235,137,223,license-plate,red,sedan,KKL188
train/330.jpg,233,217,304,216,303,238,232,239,license-plate,black,sedan,EAY380
train/331.jpg,391,232,437,231,438,247,391,248,license-plate,white,sedan,MGF847
train/332.jpg,61,256,111,261,111,283,61,278,license-plate,silver,sedan,LZF707
train/333.jpg,414,202,468,192,469,220,412,233,license-plate,grey,hatchback,FSL522
train/334.jpg,183,194,311,199,310,241,181,237,license-plate,blue,coupe,LHZ971
train/335.jpg,202,287,262,292,261,309,201,305,license-plate,white,van,FZL116
train/336.jpg,30,248,73,251,73,270,31,266,license-plate,red,hatchback,AUN533
train/337.jpg,318,171,347,164,348,177,319,184,license-plate,white,van,KGA839
train/338.jpg,201,195,298,195,299,223,202,223,license-plate,grey,hatchback,AUC918
train/339.jpg,381,223,407,216,407,230,382,237,license-plate,white,ute,FZP175
train/340.jpg,90,230,142,235,142,254,90,247,license-plate,red,hatchback,T08993
train/341.jpg,200,343,284,344,283,364,201,363,license-plate,grey,ute,JWE183
train/342.jpg,411,196,454,196,453,216,410,218,license-plate,red,coupe,HQW234
train/343.jpg,190,206,230,209,230,224,190,220,license-plate,yellow,4x4,IY1964
train/344.jpg,296,299,385,295,384,326,296,331,license-plate,black,coupe,JFF305
train/345.jpg,197,272,275,272,276,296,197,296,license-plate,black,ute,MGR379
train/346.jpg,521,362,574,324,571,345,519,386,license-plate,red,hatchback,JEF968
train/347.jpg,301,211,365,206,367,225,303,232,license-plate,silver,ute,HWK59
train/348.jpg,164,266,321,270,320,317,167,313,license-plate,white,coupe,AJJ118
train/349.jpg,565,293,601,284,600,302,565,311,license-plate,white,ute,EGH580
train/350.jpg,1,222,59,241,61,264,5,244,license-plate,grey,convertible,LMU955
train/351.jpg,126,295,214,314,215,347,129,323,license-plate,grey,ute,DCP817
train/352.jpg,528,276,559,269,561,289,530,298,license-plate,silver,ute,HEG325
train/353.jpg,132,107,200,108,201,131,133,130,license-plate,grey,4x4,AMW723
train/354.jpg,288,212,340,209,340,227,289,230,license-plate,black,sedan,KUQ362
train/355.jpg,123,261,170,272,170,290,125,278,license-plate,blue,people-mover,MKP270
